project,"(22, 2017)","(23, 2017)","(24, 2017)","(25, 2017)","(26, 2017)","(27, 2017)","(28, 2017)","(29, 2017)","(30, 2017)","(31, 2017)","(32, 2017)","(33, 2017)","(34, 2017)","(35, 2017)","(36, 2017)","(37, 2017)","(38, 2017)","(39, 2017)","(40, 2017)","(41, 2017)","(42, 2017)","(43, 2017)","(44, 2017)","(45, 2017)","(46, 2017)","(47, 2017)","(48, 2017)","(49, 2017)","(50, 2017)","(51, 2017)","(52, 2017)","(1, 2018)","(2, 2018)","(3, 2018)","(4, 2018)","(5, 2018)","(6, 2018)","(7, 2018)","(8, 2018)","(9, 2018)","(10, 2018)","(11, 2018)","(12, 2018)","(13, 2018)","(14, 2018)","(15, 2018)","(16, 2018)","(17, 2018)","(18, 2018)","(19, 2018)","(20, 2018)","(21, 2018)","(22, 2018)","(23, 2018)","(24, 2018)","(25, 2018)","(26, 2018)","(27, 2018)","(28, 2018)","(29, 2018)","(30, 2018)","(31, 2018)","(32, 2018)","(33, 2018)","(34, 2018)","(35, 2018)","(36, 2018)","(37, 2018)","(38, 2018)","(39, 2018)","(40, 2018)","(41, 2018)"
baconjs/bacon.js,0,0,1,1,1,1,1,1,1,1,1,1,1,1,1,1,1,1,1,1,1,1,1,1,1,1,1,1,1,1,1,1,1,2,2,2,2,2,2,2,2,2,2,3,3,3,3,3,3,3,3,3,3,3,3,4,4,4,4,4,4,4,4,4,4,4,4,4,4,4,4,4
jquery/esprima,0,0,0,0,0,0,0,0,0,0,0,0,0,0,1,2,2,2,2,2,2,2,2,2,3,4,4,4,4,4,4,4,4,4,4,4,5,5,5,6,6,6,6,7,7,7,7,7,7,7,7,7,7,9,9,9,9,9,9,9,9,9,9,9,9,9,9,9,9,9,9,9
technomancy/leiningen,0,0,1,1,1,1,1,2,2,3,4,4,5,6,7,8,9,9,10,10,12,13,15,17,17,17,17,18,18,19,19,19,19,19,19,19,20,20,22,22,22,22,24,24,24,25,26,26,26,27,27,27,28,28,29,31,31,31,31,33,35,36,36,36,36,36,36,36,37,37,37,37
slimphp/Slim,0,0,1,2,2,3,3,3,3,4,5,6,6,6,6,6,6,7,7,7,7,7,8,10,12,15,18,18,19,19,19,19,19,19,19,20,20,20,20,21,21,21,21,21,21,23,23,24,24,25,26,26,27,27,27,27,30,31,31,32,32,32,33,34,34,34,34,35,35,35,35,35
phacility/phabricator,0,0,0,0,0,0,0,0,0,0,0,0,0,0,1,1,1,1,1,1,1,1,1,1,1,1,1,3,3,5,5,5,5,5,6,6,6,6,7,7,7,7,9,9,9,9,9,9,9,9,9,9,9,10,10,10,11,11,11,11,12,13,13,14,14,14,14,14,14,15,16,16
firehol/netdata,1,3,3,5,5,6,6,7,10,11,14,15,16,17,19,19,20,23,25,26,27,29,31,31,34,36,37,37,39,39,39,41,42,42,45,45,47,47,48,49,50,51,52,52,54,54,54,54,56,56,56,60,61,62,63,67,74,76,78,79,81,83,85,86,86,87,89,93,99,100,100,100
apollographql/apollo-client,1,4,6,6,8,10,11,12,13,16,16,16,16,16,16,18,19,21,21,22,23,28,35,38,42,43,47,52,54,55,55,56,56,58,58,60,62,64,68,71,73,76,80,83,88,90,93,96,99,103,109,113,114,118,121,125,128,131,135,138,140,141,144,146,146,146,146,146,149,151,151,151
happi/theBeamBook,0,0,0,0,0,0,1,1,1,1,1,1,1,2,2,3,3,3,3,3,4,5,5,5,5,5,5,5,5,5,6,6,6,6,6,6,6,6,6,6,6,6,6,6,6,6,6,7,9,9,9,9,9,9,10,10,10,10,10,10,10,11,11,12,13,13,13,13,13,13,15,15
SamyPesse/How-to-Make-a-Computer-Operating-System,0,0,0,0,0,0,0,0,0,0,0,0,0,0,0,0,0,0,0,0,0,0,0,0,0,0,0,0,0,0,0,0,0,0,0,0,0,0,0,0,0,0,0,0,0,0,0,0,0,0,0,0,0,0,0,0,0,0,0,0,0,0,0,0,0,0,0,0,0,0,0,0
fzaninotto/Faker,1,1,2,2,3,4,4,6,8,8,8,8,8,10,14,15,15,16,18,20,23,26,27,28,29,29,33,34,35,36,38,38,39,41,42,44,46,46,46,46,46,48,48,48,48,49,50,50,50,51,51,51,52,53,57,58,58,59,61,61,61,61,61,61,62,63,63,64,66,67,67,67
rg3/youtube-dl,3,3,7,8,11,13,14,16,17,19,21,23,25,28,30,31,33,34,38,41,44,47,49,52,54,57,58,59,59,59,62,67,69,72,74,76,79,80,81,81,84,87,90,93,95,97,99,102,102,103,104,105,107,107,109,109,110,111,111,113,116,119,119,119,120,123,124,124,126,128,128,128
Microsoft/TypeScript,2,2,3,6,8,8,9,10,12,13,15,15,20,20,21,22,26,26,26,27,27,28,32,35,38,38,39,41,44,45,46,48,51,54,57,57,59,61,63,65,67,69,71,76,78,80,83,84,86,89,91,93,97,99,99,101,104,105,108,111,112,115,116,118,120,122,125,127,131,132,132,132
twbs/bootstrap-sass,0,0,0,0,0,0,0,0,0,0,0,0,0,0,0,0,0,1,1,1,1,1,2,2,2,2,2,2,2,2,2,2,2,2,2,2,2,2,2,2,2,2,2,2,2,2,2,2,2,2,2,2,2,2,2,2,2,2,2,2,2,2,2,2,4,4,4,4,4,4,4,4
ruby/ruby,0,0,0,0,0,0,1,1,2,3,3,3,3,3,3,3,3,3,3,3,4,4,4,4,4,4,4,4,5,8,8,8,8,8,8,8,8,9,9,9,9,10,10,10,10,10,10,10,10,12,12,12,13,13,13,13,14,15,17,18,19,19,20,20,21,21,22,22,23,28,31,31
jekyll/jekyll,2,3,7,10,10,11,11,11,13,15,17,18,18,19,20,20,21,21,24,26,29,33,37,39,40,41,41,43,45,45,47,48,48,50,51,52,56,57,58,59,62,63,63,65,68,70,74,75,78,81,86,88,89,90,91,94,96,98,103,104,106,107,109,110,112,114,117,119,122,124,128,128
dingo/api,0,0,0,0,0,0,0,0,0,0,0,0,0,0,0,2,3,3,3,3,3,3,3,3,3,3,4,7,7,8,9,10,10,11,11,12,12,12,13,14,14,14,14,14,14,14,14,14,14,14,14,14,14,14,14,14,14,14,14,14,14,14,14,15,16,16,16,16,16,16,16,16
angular-ui/ui-router,0,0,0,1,1,3,3,3,3,3,3,3,3,3,3,3,3,3,3,4,5,5,5,5,5,5,5,6,6,6,6,6,6,7,8,9,9,9,9,9,10,10,10,10,10,10,10,10,10,11,13,13,13,13,13,13,13,13,14,14,14,14,14,14,14,14,14,15,15,15,15,15
facebookincubator/create-react-app,1,5,7,8,14,18,20,21,21,22,23,25,26,29,30,33,35,37,40,41,44,46,50,51,55,56,57,57,59,60,60,62,68,73,76,78,80,81,81,81,83,86,89,91,93,95,98,100,101,104,106,108,109,111,111,114,116,117,117,117,119,119,120,120,122,123,123,123,128,134,134,134
rtyley/bfg-repo-cleaner,0,0,0,0,0,0,0,0,0,0,0,0,0,0,0,0,0,0,0,0,0,0,0,1,1,1,1,1,1,1,1,1,1,1,1,2,2,2,2,2,2,2,2,2,2,2,2,2,2,2,2,2,2,2,2,2,2,2,2,2,2,2,2,2,2,2,2,2,2,2,2,2
jdg/MBProgressHUD,0,0,0,0,0,0,0,0,0,0,0,1,2,3,3,3,3,3,3,3,3,3,3,3,3,3,4,4,4,4,4,4,4,4,4,4,4,4,4,4,5,5,5,5,5,5,5,6,6,6,7,7,7,7,7,7,7,7,7,7,7,7,7,7,7,7,7,7,7,7,7,7
vuejs/vue,0,1,4,4,7,8,10,10,10,10,11,11,11,12,15,17,18,20,25,28,28,30,32,32,35,38,40,40,43,46,47,48,48,48,49,49,50,50,51,51,54,56,58,58,59,60,60,61,62,62,62,62,62,62,62,62,62,62,62,62,62,62,62,65,66,66,67,67,69,69,69,69
ichord/At.js,0,0,0,0,0,0,0,0,0,0,0,0,0,0,0,0,0,0,0,0,0,0,0,0,0,0,0,0,0,0,0,0,0,0,1,1,1,1,1,1,1,1,2,2,2,2,2,2,2,2,2,2,2,2,2,2,2,2,2,2,2,2,2,2,2,2,2,2,2,2,2,2
libuv/libuv,1,2,3,3,4,6,6,7,9,10,12,14,14,15,16,19,20,23,25,26,26,26,27,27,29,30,31,32,32,32,32,32,33,34,34,35,35,35,36,39,40,40,41,42,43,44,47,50,50,50,51,51,52,53,54,56,56,58,59,59,59,59,60,61,62,65,66,68,70,70,70,70
laravel/framework,2,6,11,17,24,29,34,38,43,48,50,55,58,61,68,74,80,87,92,96,101,106,112,115,119,124,128,134,140,145,150,153,157,162,164,170,173,179,185,191,198,205,211,215,219,222,225,228,233,237,241,245,247,253,254,258,261,267,273,277,281,286,292,296,300,305,311,317,322,326,333,335
bcit-ci/CodeIgniter,0,1,2,3,3,5,5,6,7,8,8,8,8,10,10,10,10,12,14,16,16,17,19,19,19,19,20,20,20,21,21,21,21,21,21,21,21,22,22,22,24,25,25,25,25,26,27,27,28,28,29,29,31,31,31,31,32,32,32,32,32,32,32,35,35,35,36,37,37,37,37,37
JoelBesada/activate-power-mode,0,0,0,0,0,0,0,0,0,0,0,1,1,1,2,2,2,2,2,2,2,2,2,2,2,2,2,2,2,2,2,3,3,3,3,3,3,3,3,3,3,3,3,3,3,3,3,3,3,3,3,3,3,3,3,3,3,3,3,3,3,3,3,3,3,3,3,3,3,3,3,3
airbnb/aerosolve,0,0,0,1,1,2,2,2,2,2,2,3,4,5,5,5,5,5,5,5,5,5,5,5,5,5,5,5,5,5,5,5,5,5,5,5,5,5,5,5,5,5,5,5,5,5,5,5,5,5,5,5,5,5,5,5,5,5,5,5,5,5,5,5,5,5,5,5,5,5,5,5
akka/akka,1,2,6,7,10,13,17,18,21,22,24,26,29,29,32,34,38,40,43,44,47,47,50,52,55,58,60,63,64,66,66,68,70,72,74,75,77,80,85,86,87,90,92,94,95,99,101,105,110,112,116,121,126,128,130,133,137,139,145,149,152,153,155,158,161,164,166,169,173,178,178,178
commercialhaskell/stack,0,1,1,2,2,3,7,8,12,12,12,12,14,17,17,19,21,21,23,25,26,29,30,30,30,30,30,32,32,34,37,40,43,44,47,47,49,50,50,51,52,54,56,56,56,57,59,59,61,63,63,65,66,70,72,76,77,77,78,80,83,84,84,88,90,91,95,96,98,100,100,100
weavejester/compojure,0,0,0,0,0,0,0,0,0,0,0,0,0,0,0,0,0,0,0,0,0,0,0,0,0,0,0,0,0,0,0,0,0,0,1,1,1,1,1,1,1,1,1,1,1,1,1,1,1,1,1,1,1,1,1,1,1,1,1,1,1,1,2,2,3,3,3,3,3,3,3,3
scotty-web/scotty,0,0,0,0,1,1,1,1,1,1,1,1,1,1,1,1,2,2,2,2,2,2,2,2,2,2,2,2,2,2,2,2,2,2,2,2,3,3,3,3,3,3,3,3,3,3,3,3,3,3,3,3,3,3,3,3,3,3,3,3,3,3,3,3,3,3,4,4,4,4,4,4
hashicorp/consul,0,2,4,5,8,10,11,13,14,17,21,23,23,25,26,27,29,29,32,34,39,39,43,43,44,45,45,47,48,49,51,52,54,54,58,58,61,63,64,66,67,68,69,71,74,76,77,77,79,83,84,86,88,88,91,93,97,100,102,102,106,107,108,111,113,115,116,120,123,123,125,125
ant-design/ant-design,1,6,8,11,13,18,20,23,26,31,34,38,40,43,47,51,57,62,65,69,73,78,80,82,83,85,88,91,96,100,104,108,114,117,122,126,130,131,132,134,139,142,146,151,154,158,164,169,172,174,178,183,187,191,195,198,203,206,209,215,220,226,231,235,239,245,250,255,262,263,263,263
bang590/JSPatch,0,0,0,0,0,0,0,1,1,1,2,2,2,2,2,2,2,2,2,2,2,2,2,2,2,2,2,2,2,2,2,2,2,2,2,2,2,2,2,2,2,2,2,3,3,3,4,4,4,4,4,4,4,4,4,4,4,4,4,4,4,4,4,4,4,4,4,4,4,4,4,4
briannesbitt/Carbon,1,2,2,2,2,2,2,2,2,2,2,3,3,3,3,3,3,3,3,3,3,3,3,4,5,5,6,6,6,7,7,7,8,8,8,9,9,13,15,20,24,26,27,27,28,28,30,31,32,34,35,35,37,37,37,39,40,42,43,45,47,47,49,49,49,52,52,53,54,54,57,58
winjs/winjs,0,0,0,0,0,0,0,0,1,1,1,1,1,1,1,1,1,1,1,1,1,1,1,1,1,1,1,1,1,1,1,1,1,1,1,1,1,1,1,1,1,1,1,1,1,1,1,1,1,1,1,1,1,1,1,1,1,1,1,1,1,1,1,1,1,1,1,1,1,1,1,1
callemall/material-ui,3,3,5,8,9,11,11,17,20,22,25,28,32,36,41,46,50,56,62,66,70,76,80,85,90,91,94,100,105,109,110,116,122,126,129,134,141,148,152,157,163,169,175,178,182,185,190,195,200,207,214,218,224,229,235,241,245,251,256,260,267,272,279,284,291,298,304,310,316,322,323,323
Engelberg/instaparse,0,0,0,0,0,0,0,0,0,1,1,1,1,1,1,1,1,2,2,2,2,2,2,2,3,3,3,3,3,4,4,4,4,4,4,4,4,4,4,4,4,4,5,5,5,6,6,6,6,6,6,6,6,6,6,6,6,6,6,6,6,6,6,6,7,7,7,7,7,7,7,7
functional-koans/clojure-koans,0,0,0,0,0,0,0,0,0,0,0,0,0,0,0,0,0,0,0,0,0,0,0,0,0,0,0,0,0,0,0,0,0,0,0,0,0,0,0,0,0,0,0,0,0,1,1,1,1,1,1,1,1,1,1,1,1,1,1,1,1,1,1,1,1,1,1,1,1,1,1,1
minimaxir/big-list-of-naughty-strings,0,0,0,0,0,0,0,0,0,0,0,0,0,0,0,0,0,0,0,0,0,0,0,1,1,1,1,1,1,1,1,1,1,1,1,1,1,2,3,3,4,4,5,5,5,5,5,5,5,5,5,5,5,5,5,5,5,5,5,5,5,5,6,6,6,6,6,6,6,6,6,6
gibiansky/IHaskell,0,1,1,2,2,2,2,2,2,2,2,3,4,4,4,4,5,5,6,6,6,6,6,7,7,7,7,7,8,8,8,8,8,8,8,8,8,8,8,8,9,9,10,10,10,10,10,11,11,12,12,12,12,13,13,13,13,13,13,13,13,13,13,13,13,13,14,15,16,17,17,17
tmux/tmux,0,0,0,0,0,0,0,0,0,0,0,0,0,0,0,0,0,0,0,0,0,0,0,0,0,0,0,0,0,0,0,0,0,0,0,0,0,0,0,0,0,0,0,0,0,0,0,1,1,1,1,1,1,1,1,1,1,2,2,2,3,3,3,3,3,3,3,3,3,4,4,4
vurtun/nuklear,1,1,1,1,1,1,1,1,1,1,3,6,6,7,7,7,10,10,12,12,13,13,13,15,15,16,16,17,17,17,17,20,21,21,22,25,27,27,27,28,28,28,30,31,32,35,35,35,35,36,36,36,36,37,37,38,38,40,40,40,41,41,41,42,43,45,45,47,47,47,47,47
clojure/clojurescript,0,0,2,2,4,5,7,7,7,7,8,8,8,9,9,10,11,14,15,15,15,16,18,19,19,20,21,21,22,22,22,22,22,22,22,22,23,23,23,27,27,28,31,32,32,32,32,32,33,34,34,34,34,35,35,35,37,37,37,38,38,38,38,38,38,39,41,43,43,43,43,43
impress/impress.js,0,0,0,0,0,0,0,0,0,0,0,0,0,0,0,0,0,1,1,2,3,4,4,4,4,4,4,4,5,5,5,6,6,6,6,6,6,6,6,7,7,7,7,7,7,7,7,7,8,9,9,9,9,9,9,9,9,9,9,9,9,9,9,9,9,9,9,9,9,9,9,9
DefinitelyTyped/DefinitelyTyped,4,11,18,25,32,39,46,52,58,65,71,78,85,92,99,106,113,118,124,130,137,144,151,158,165,172,178,185,192,199,205,210,216,221,227,234,241,248,255,262,269,276,283,290,295,301,306,312,318,325,332,339,346,353,360,367,373,377,383,387,393,399,406,413,420,427,434,440,447,450,450,450
bhauman/lein-figwheel,0,0,0,0,1,1,2,3,3,4,4,4,4,4,4,4,4,4,4,4,4,5,5,5,5,5,6,6,7,7,7,7,8,9,9,9,9,10,11,12,13,13,13,13,13,13,14,14,14,14,14,14,14,14,15,16,16,16,16,16,16,16,17,17,17,17,17,17,17,17,17,17
mitchellh/vagrant,0,2,6,6,9,13,14,15,17,19,23,25,26,27,30,30,32,34,35,36,37,39,40,41,41,42,43,47,50,51,53,56,58,58,60,63,64,66,69,71,72,75,77,78,79,81,84,84,87,89,89,92,95,96,100,100,101,104,106,107,109,111,112,112,113,115,118,119,121,123,125,125
Blankj/AndroidUtilCode,0,0,0,0,0,0,0,1,1,1,1,1,1,1,1,1,1,1,1,1,1,1,2,3,3,3,3,3,4,5,5,5,5,5,5,5,6,6,6,6,6,6,6,6,7,7,8,8,8,8,8,8,9,9,9,9,9,9,9,9,9,9,9,9,9,9,9,10,10,10,10,10
graphcool/chromeless,0,0,0,0,0,0,0,0,4,9,14,15,16,18,19,20,21,21,21,21,21,23,24,24,24,24,24,24,24,24,24,25,25,25,25,25,25,25,25,26,27,27,27,27,27,27,27,27,27,28,29,29,29,29,29,29,29,30,30,30,30,31,31,31,31,31,31,31,31,31,31,31
biokoda/actordb,0,0,0,0,0,0,0,0,1,1,1,1,1,1,1,1,1,1,1,1,1,1,1,1,1,1,1,1,1,1,1,1,1,1,1,1,1,1,1,1,1,1,1,1,1,1,1,1,1,1,1,1,1,2,2,2,2,2,2,2,3,3,3,3,3,3,3,3,3,3,3,3
moby/moby,2,4,7,11,14,17,19,23,26,31,33,35,36,38,42,43,45,50,54,57,61,65,68,69,74,80,83,88,91,92,92,95,97,101,101,103,105,107,108,111,114,115,118,120,122,125,128,131,133,137,141,144,144,147,149,151,155,159,162,164,167,169,170,173,177,180,183,186,189,193,196,196
twitter-archive/kestrel,0,0,0,0,0,0,0,0,0,0,0,0,0,0,0,0,0,0,0,0,0,0,0,0,0,0,0,0,0,0,0,0,0,0,0,0,0,0,0,0,0,0,0,0,0,0,0,0,0,0,0,0,0,0,0,0,0,0,0,0,0,0,0,0,0,0,0,0,0,0,0,0
cyclejs/cyclejs,0,1,1,2,2,2,3,3,4,4,5,5,6,8,8,9,10,12,13,13,15,15,15,17,17,17,18,18,18,18,19,20,20,20,20,20,20,20,20,20,20,20,20,21,21,21,21,22,22,22,22,22,22,22,22,23,23,24,24,24,24,25,25,26,28,28,29,29,29,29,29,29
imathis/octopress,0,0,0,0,0,0,0,0,0,0,0,0,0,0,0,0,0,0,0,0,0,0,0,0,0,0,0,0,0,0,0,0,0,0,0,0,0,0,0,0,0,0,0,0,0,0,0,0,0,0,0,0,0,0,0,0,0,0,0,0,0,0,0,0,0,0,0,0,0,0,0,0
realm/realm-cocoa,0,0,0,0,0,0,1,2,3,3,6,6,6,6,6,6,6,7,8,8,8,8,8,9,9,9,9,9,10,10,10,10,11,11,11,11,12,12,12,12,12,13,15,16,16,16,17,17,17,17,17,17,18,19,19,19,19,19,20,20,20,20,20,20,20,20,21,21,21,21,22,22
shadowsocks/shadowsocks-android,0,0,0,0,0,0,0,0,0,0,0,0,0,0,0,0,0,0,0,0,0,0,0,1,1,1,1,1,1,1,1,2,3,5,5,5,5,5,5,5,5,5,7,7,8,8,11,11,11,11,11,11,12,12,12,12,12,12,14,14,15,16,16,16,16,16,17,17,17,18,18,18
airbnb/lottie-ios,0,1,2,2,2,2,2,2,3,4,5,7,7,8,8,9,12,13,13,14,16,16,18,19,20,22,24,25,25,25,25,25,27,28,29,29,30,32,32,32,33,33,34,35,35,35,36,38,39,39,40,43,43,43,43,43,44,44,44,44,44,44,44,44,44,44,44,44,44,44,44,44
airbnb/lottie-android,0,1,1,1,1,1,1,1,1,2,4,4,4,4,4,4,4,4,4,4,4,4,5,5,6,7,7,8,8,9,9,11,11,11,11,11,11,11,12,12,14,14,14,14,14,16,16,16,16,19,19,19,19,19,20,22,23,24,24,25,25,25,26,26,26,26,30,30,30,31,31,31
mesosphere/marathon,0,0,0,0,0,2,2,2,2,2,3,3,4,6,6,6,7,9,9,9,12,13,14,15,16,17,19,20,20,21,21,21,21,22,23,23,25,27,27,27,27,27,28,28,30,31,33,33,33,33,33,34,34,34,34,34,34,34,34,35,35,36,36,36,36,37,38,41,44,47,47,47
scalatra/scalatra,0,0,0,0,0,0,0,0,1,1,1,1,1,2,2,2,2,2,2,2,2,2,2,2,4,4,4,5,5,5,5,5,5,5,5,5,5,5,5,5,5,6,6,6,6,7,7,8,8,9,9,9,9,9,10,10,10,10,10,10,10,11,13,13,13,13,13,13,13,14,14,14
pedestal/pedestal,0,1,2,2,2,2,2,2,2,2,2,2,2,2,2,2,2,2,3,3,3,3,3,3,3,3,3,3,3,3,3,3,3,3,3,3,3,3,3,3,3,3,3,3,3,3,3,3,4,6,6,6,6,7,7,8,8,8,8,8,8,8,9,9,9,10,11,11,12,12,12,12
matryer/bitbar,0,1,2,2,2,2,2,2,2,2,2,2,2,2,2,2,2,2,2,2,2,2,2,2,2,2,2,2,2,2,2,2,3,3,3,3,3,3,3,3,3,3,3,3,3,3,3,3,3,4,4,4,4,4,4,4,4,4,4,4,4,4,4,4,4,4,4,4,4,4,4,4
libgdx/libgdx,0,0,0,2,2,3,3,3,3,4,4,4,5,7,8,8,9,10,12,12,12,13,14,15,16,17,18,19,19,20,20,20,20,21,21,21,22,22,22,22,24,25,25,27,27,27,29,30,31,32,32,33,35,35,36,38,42,42,42,42,42,43,44,45,46,47,47,48,49,51,51,51
soimort/you-get,0,0,0,1,2,3,4,4,5,7,8,8,8,8,8,10,10,10,11,15,15,15,15,19,19,21,22,22,24,24,24,26,27,27,27,27,28,29,30,30,31,31,32,33,33,33,34,35,35,37,38,39,42,42,42,43,44,44,45,46,48,49,50,51,51,51,51,51,54,54,54,54
astaxie/build-web-application-with-golang,0,2,3,3,5,7,8,9,11,13,13,13,13,15,17,18,18,21,21,22,23,24,27,29,32,33,34,36,37,40,40,41,43,43,44,45,45,46,47,49,49,49,50,51,52,54,55,55,55,56,58,60,61,63,64,64,64,66,68,68,68,68,69,70,71,72,73,73,76,78,78,78
ninenines/cowboy,0,0,0,0,0,0,1,1,1,1,1,1,2,2,2,2,2,2,2,2,2,3,3,3,3,3,3,3,3,3,3,3,3,3,3,3,3,3,3,4,4,4,5,5,5,5,5,5,5,5,6,6,6,6,6,6,6,7,7,7,7,7,7,7,7,7,8,8,9,9,10,10
LightTable/LightTable,0,0,0,0,0,0,0,0,0,0,0,0,0,0,0,0,0,0,1,1,2,2,2,2,2,2,2,2,2,2,2,2,2,2,2,2,2,2,2,2,2,2,2,2,2,2,3,3,3,3,3,3,4,4,4,4,4,5,5,5,5,5,5,5,5,5,5,5,5,5,5,5
twitter/snowflake,0,0,0,0,0,0,0,0,0,0,0,0,0,0,0,0,0,0,0,0,0,0,0,0,0,0,0,0,0,0,0,0,0,0,0,0,0,0,0,0,0,0,0,0,0,0,0,0,0,0,0,0,0,0,0,0,0,0,0,0,0,0,0,0,0,0,0,0,0,0,0,0
serbanghita/Mobile-Detect,0,0,0,1,1,1,1,1,1,1,1,1,2,3,4,4,4,4,4,4,4,4,4,5,6,7,7,8,8,9,9,9,9,10,10,10,10,10,10,10,10,10,10,10,10,10,10,10,10,10,10,10,13,13,14,14,14,14,15,15,15,15,15,15,15,17,17,17,17,17,18,18
apache/incubator-superset,1,3,5,7,7,7,9,10,12,14,18,19,20,21,21,22,23,24,26,27,27,29,31,36,37,37,38,40,41,43,44,47,48,48,50,51,54,56,57,57,61,62,64,66,69,71,73,76,77,80,81,83,87,89,92,94,96,98,98,100,102,107,108,110,112,114,117,120,125,130,130,130
beyondgrep/ack2,0,0,0,0,0,0,0,0,0,0,0,0,0,0,0,0,0,0,0,0,0,0,0,0,0,0,0,0,0,0,0,0,0,0,0,0,0,0,0,0,0,0,0,0,0,0,0,0,0,0,0,0,0,0,1,2,2,2,2,2,2,2,2,2,2,2,2,2,2,2,2,2
scalaz/scalaz,1,1,1,1,1,1,1,1,1,2,2,2,2,2,3,3,3,3,3,3,3,5,6,6,6,6,6,9,9,9,9,11,11,11,12,14,14,15,15,15,15,15,15,15,16,16,16,16,16,16,16,18,20,23,23,23,23,24,24,24,24,25,28,28,29,30,32,32,33,34,34,34
sullo/nikto,0,0,1,1,1,2,2,2,2,3,3,3,4,4,4,4,4,4,5,5,5,5,5,5,5,5,5,5,5,5,5,5,6,6,7,8,9,10,10,10,10,10,10,10,10,10,10,10,10,12,12,12,12,13,13,13,14,14,14,15,16,16,17,17,18,18,18,19,19,19,19,19
adobe/brackets,0,1,2,2,3,4,5,5,6,7,8,8,10,11,12,13,13,13,14,14,14,15,15,16,17,18,19,20,20,20,20,20,23,24,25,25,26,26,26,27,27,27,27,28,28,28,29,30,30,30,32,33,35,36,37,37,37,37,37,37,37,37,37,37,37,38,38,38,38,38,38,38
CoderMJLee/MJRefresh,0,0,0,0,0,0,0,0,1,1,1,1,1,2,2,2,2,2,2,2,3,3,3,3,3,3,3,3,3,3,3,3,3,3,3,4,4,4,4,4,4,4,4,4,4,4,4,4,4,4,4,4,4,4,5,5,5,5,6,6,7,7,7,7,8,9,9,9,9,9,9,9
AlDanial/cloc,1,1,1,1,1,2,2,2,2,2,2,2,3,4,5,5,5,6,6,6,6,8,8,9,9,9,9,9,9,10,10,10,10,10,11,11,11,11,12,12,12,12,12,12,13,13,13,13,13,14,15,15,16,18,18,18,18,18,18,18,18,19,19,19,19,19,19,19,20,21,21,21
donnemartin/system-design-primer,0,1,2,2,2,2,2,3,3,3,3,3,3,3,3,3,3,3,4,5,5,6,6,6,6,6,8,9,9,9,9,9,9,9,9,9,10,11,11,13,14,14,14,14,14,15,15,16,16,16,16,16,16,16,17,17,18,18,20,22,24,25,27,29,30,32,33,36,37,38,38,38
theory/sqitch,0,0,0,0,0,0,1,1,1,1,1,1,1,2,2,2,2,2,3,4,4,4,4,5,5,5,5,5,5,5,5,5,5,5,5,5,5,5,5,5,5,6,6,6,6,6,6,6,6,6,6,6,6,6,6,6,6,6,6,6,6,6,6,6,6,6,6,6,7,8,8,8
duckduckgo/duckduckgo,0,0,0,0,0,0,0,0,0,0,0,0,0,0,0,0,0,0,0,0,0,0,0,0,0,1,1,1,1,1,1,1,1,1,1,1,1,1,1,1,1,1,1,1,1,1,1,1,1,1,1,1,1,1,1,1,1,1,1,1,1,1,1,1,1,1,1,1,1,1,1,1
chrisbanes/PhotoView,1,1,2,2,2,2,2,2,2,2,2,2,2,2,2,2,2,2,2,2,2,2,2,2,2,2,2,2,2,2,2,3,3,3,3,3,3,3,3,3,3,3,3,3,3,3,3,3,3,3,3,4,4,4,4,4,5,6,6,6,6,7,7,7,7,7,7,7,7,7,7,7
django/django,2,5,11,15,17,19,23,26,28,28,34,38,41,45,47,51,56,59,60,66,70,74,78,79,79,83,86,90,93,97,99,103,107,110,113,117,123,127,131,135,139,144,149,155,160,166,171,174,177,181,187,190,194,197,200,204,208,211,214,220,223,227,230,235,239,242,246,252,255,259,259,259
airbnb/javascript,1,2,6,8,9,11,12,12,13,15,16,19,20,22,24,25,26,27,28,29,32,36,38,38,38,38,39,40,42,43,44,44,45,46,49,50,51,52,55,56,58,59,60,61,64,65,66,67,70,70,71,72,75,76,76,78,79,82,83,83,83,83,83,83,83,87,87,88,88,88,88,88
yahoo/kafka-manager,0,0,0,0,0,0,0,0,1,1,1,2,2,2,2,3,3,3,3,3,3,4,4,5,5,5,5,6,6,6,6,6,6,6,6,6,6,6,7,8,8,9,10,11,11,11,11,11,11,11,11,11,11,11,11,11,12,12,12,14,15,15,15,15,15,15,15,15,15,15,15,15
sitaramc/gitolite,0,0,0,0,0,0,0,0,0,1,1,1,1,1,1,1,1,1,1,1,1,1,1,1,1,1,1,1,1,1,1,1,1,1,1,1,1,1,1,1,1,1,1,1,1,2,2,2,2,2,2,2,2,2,2,2,2,2,2,2,2,2,2,2,2,2,2,2,2,3,3,3
fpinscala/fpinscala,0,0,0,0,0,0,0,0,0,0,0,0,0,0,0,0,0,0,0,0,0,0,0,0,0,0,0,0,0,0,0,0,0,0,0,0,0,0,0,0,0,0,0,0,0,0,0,0,0,0,0,0,0,0,0,0,0,0,0,0,0,0,0,0,0,0,0,0,0,0,0,0
gatling/gatling,0,0,1,2,2,2,2,2,2,3,3,3,4,4,4,4,5,5,6,6,6,6,7,8,9,9,9,9,10,10,10,10,10,10,10,10,10,10,10,11,11,12,13,13,13,14,15,15,15,15,15,15,16,16,16,17,17,19,19,20,20,21,22,22,22,23,23,23,24,25,25,25
google/google-api-nodejs-client,0,0,2,2,2,3,3,3,4,4,4,6,7,7,7,7,8,8,8,9,10,10,11,12,13,14,14,14,14,14,14,15,15,16,16,16,16,16,16,16,17,17,17,17,17,17,19,20,20,20,22,22,23,23,23,24,24,25,25,26,27,28,28,28,28,29,30,30,33,35,35,35
jondot/awesome-react-native,2,3,8,11,13,15,17,21,23,26,30,32,36,38,41,42,45,46,48,49,53,55,56,58,59,62,66,70,72,73,73,73,76,76,77,78,82,84,88,89,90,94,97,99,102,104,106,109,110,111,111,113,115,117,119,122,126,129,131,134,136,138,140,142,143,146,152,156,159,162,165,165
requests/requests,0,4,4,4,4,4,5,7,9,10,13,14,14,15,15,15,15,16,16,18,19,20,22,22,24,27,28,28,29,29,29,30,30,31,31,32,34,35,35,35,36,37,37,37,37,38,38,39,42,43,43,44,44,46,47,47,49,51,53,53,54,55,55,56,56,56,56,60,62,62,62,62
kilimchoi/engineering-blogs,2,2,2,4,5,5,5,7,8,8,8,8,8,8,9,11,13,16,17,17,19,23,23,24,25,25,26,26,26,29,29,31,31,31,33,34,35,36,36,37,38,39,40,40,41,41,41,42,42,42,43,44,44,44,45,47,49,50,51,52,54,57,57,57,57,57,57,57,57,57,57,57
freeCodeCamp/freeCodeCamp,1,4,7,10,15,15,15,18,18,21,24,24,29,31,34,36,37,37,40,40,44,48,51,51,51,52,52,55,58,61,65,70,74,78,81,83,87,89,93,95,99,102,105,108,113,115,117,122,125,126,128,130,136,139,143,147,148,148,149,150,151,153,153,154,154,157,158,158,161,163,163,163
synrc/n2o,0,0,0,0,0,0,0,0,0,0,0,1,1,1,1,1,1,1,1,1,1,1,1,1,1,1,1,1,1,1,1,1,1,1,1,1,1,1,1,1,1,1,1,1,1,1,1,1,1,1,1,2,2,3,3,3,3,3,3,3,3,3,3,3,3,3,4,4,4,4,4,4
postgraphql/postgraphql,0,1,1,1,1,2,3,3,3,6,6,8,8,8,8,8,8,8,8,8,8,9,9,9,9,10,11,11,11,11,12,14,14,15,15,16,16,17,18,19,19,19,20,20,20,20,20,20,21,21,21,21,21,21,21,21,21,21,21,23,23,23,23,24,24,24,25,26,27,27,27,27
spring-projects/spring-framework,1,1,3,3,4,5,5,5,5,5,5,6,7,10,12,14,17,19,21,21,23,26,28,30,30,32,34,37,37,38,38,38,40,43,45,48,49,52,54,55,56,57,59,61,62,66,68,72,74,74,74,75,77,77,79,81,84,86,88,88,89,92,94,96,100,101,103,105,111,112,112,112
square/okhttp,0,0,0,1,1,3,3,4,4,6,8,8,8,9,11,11,11,12,12,12,12,12,13,13,13,13,15,15,16,17,17,18,19,20,21,21,22,24,26,28,28,28,28,28,28,28,28,28,28,29,29,30,31,32,32,32,32,34,34,34,34,34,35,35,35,36,36,38,39,40,40,40
twostairs/paperwork,0,0,0,0,0,2,3,3,3,3,3,3,3,3,3,3,3,3,3,3,3,3,3,3,3,3,3,3,3,4,5,5,5,5,5,5,5,5,5,5,5,5,5,5,5,5,5,5,5,5,5,5,5,5,5,5,5,5,5,5,5,5,6,6,6,6,6,6,6,6,6,6
magicalpanda/MagicalRecord,0,0,0,0,0,0,0,0,0,0,0,0,0,0,0,0,0,0,0,0,0,0,0,0,0,0,0,0,0,0,0,0,0,0,0,0,0,0,0,0,0,0,0,0,0,0,0,0,0,0,0,0,0,0,0,0,0,0,0,0,0,0,0,0,0,0,0,0,0,0,0,0
grafana/grafana,2,5,6,8,8,11,15,17,21,25,27,28,30,34,37,39,44,47,52,56,58,63,67,70,72,75,78,80,84,86,89,91,94,98,101,104,105,110,114,117,121,126,130,132,135,139,143,144,144,147,150,154,156,160,164,166,170,173,177,180,182,187,191,193,196,198,202,206,209,215,217,217
playframework/playframework,0,0,0,2,5,6,8,10,13,15,16,16,17,18,20,21,22,25,28,29,31,33,35,35,35,38,39,41,41,42,43,45,45,46,46,47,48,49,50,51,53,54,54,55,55,55,57,58,61,63,64,64,64,64,68,68,69,70,71,72,73,75,77,79,81,82,85,86,89,92,92,92
Seldaek/monolog,0,0,1,1,2,2,6,6,7,7,8,11,12,12,13,13,14,14,15,15,16,17,18,18,19,19,19,19,19,19,19,20,20,21,21,21,21,22,22,23,23,23,23,25,25,26,27,28,29,29,31,31,32,35,37,38,38,38,38,39,39,39,39,39,39,39,39,39,39,39,39,39
Semantic-Org/Semantic-UI,0,0,0,0,0,1,3,4,5,5,5,5,5,5,5,5,5,5,6,6,7,9,9,10,10,10,10,10,10,11,12,12,12,12,12,14,15,15,15,16,16,18,18,18,18,18,18,18,18,18,19,20,20,21,22,23,23,23,23,23,24,24,24,24,24,24,24,24,25,25,25,25
vinta/awesome-python,0,0,0,0,0,0,0,2,2,3,3,3,3,4,5,7,8,8,9,10,11,12,13,13,14,17,18,18,19,20,21,22,23,24,25,25,26,27,27,28,29,31,31,32,33,34,35,36,38,38,38,39,40,41,41,41,42,43,43,43,43,44,44,45,45,45,45,46,46,46,46,46
CocoaLumberjack/CocoaLumberjack,0,1,1,1,1,2,3,3,5,5,5,5,5,5,5,5,5,5,5,6,6,6,6,6,6,6,6,6,7,7,7,8,8,8,9,9,9,9,9,10,11,11,11,11,11,11,12,12,14,14,15,15,15,15,15,15,15,15,15,15,15,15,15,16,17,17,18,19,19,21,22,22
composer/composer,0,2,4,6,7,8,10,10,11,12,15,17,17,20,22,25,27,28,29,32,32,33,34,35,37,38,40,44,48,50,50,53,55,58,59,60,62,63,66,66,67,68,70,71,72,74,74,75,76,77,79,81,82,86,87,90,91,92,93,96,99,101,103,103,105,108,110,111,111,112,112,112
tonsky/FiraCode,0,0,0,0,0,0,0,0,0,0,1,1,1,1,1,1,2,3,4,4,4,4,4,4,4,4,4,4,6,6,6,6,6,6,6,6,7,7,7,7,8,9,9,10,10,10,10,10,11,11,11,11,11,11,11,11,11,11,11,11,11,11,11,11,11,11,11,11,13,13,13,13
AFNetworking/AFNetworking,0,0,0,0,0,0,1,3,4,4,4,4,4,4,4,4,5,5,5,5,5,6,6,6,6,6,6,6,7,7,7,7,9,9,9,9,9,10,11,11,11,11,11,11,11,11,11,11,12,12,12,12,12,12,12,12,13,14,16,16,17,17,17,17,17,17,17,18,20,21,21,21
ibireme/YYKit,0,1,1,1,2,2,2,2,2,3,3,3,3,3,3,3,3,3,3,3,3,3,3,3,3,3,3,3,3,3,3,3,3,3,3,3,3,3,3,3,3,3,3,3,3,3,3,3,3,3,3,3,3,3,3,3,3,3,3,3,3,3,3,3,3,3,3,3,3,3,3,3
piwik/piwik,0,0,0,1,1,1,1,1,2,4,4,4,4,4,5,5,8,8,8,10,11,11,11,12,14,14,14,15,17,18,18,18,18,21,22,23,23,23,23,24,24,25,25,25,26,26,27,28,30,32,33,35,37,37,39,40,43,43,44,44,45,45,46,47,47,48,48,48,49,49,51,53
CNSRE/ABTestingGateway,0,0,0,0,0,0,0,0,0,0,0,0,0,0,0,0,0,0,0,0,0,0,0,0,0,0,0,0,0,0,0,0,0,0,0,0,0,0,0,0,0,0,0,0,0,0,0,0,0,0,0,0,0,0,0,0,0,0,0,1,2,2,2,2,2,2,2,2,2,2,2,2
kubernetes/kubernetes,4,10,15,20,24,29,35,40,44,49,55,60,65,72,77,82,87,93,98,104,111,117,123,130,136,141,147,153,159,163,166,170,175,182,187,193,200,206,210,217,222,226,232,235,241,247,252,255,261,266,271,278,284,289,293,298,302,307,313,319,324,330,336,341,347,353,359,365,372,379,383,383
songrotek/Deep-Learning-Papers-Reading-Roadmap,0,0,0,0,0,1,1,1,1,1,1,1,1,1,1,1,1,1,1,2,2,4,4,4,4,4,4,4,4,4,4,4,4,4,4,4,4,4,4,4,5,6,6,6,6,6,6,6,6,6,6,6,6,6,6,6,6,6,6,6,6,6,6,6,6,6,6,6,6,6,6,6
caskroom/homebrew-cask,3,9,16,23,30,35,41,46,52,58,65,72,79,86,93,98,105,110,117,124,131,138,145,152,159,165,172,178,185,192,199,206,213,218,225,231,237,243,250,256,262,269,275,282,289,296,303,310,316,322,329,336,342,349,356,363,370,376,383,390,396,403,409,414,421,428,435,442,449,455,461,461
github/hubot-scripts,0,0,0,0,0,0,0,0,0,0,0,0,0,0,0,0,0,0,0,0,0,0,0,0,0,0,0,0,0,0,0,0,0,0,0,0,0,0,0,0,0,0,0,0,0,0,0,0,0,0,0,0,0,0,0,0,0,0,0,0,0,0,0,0,0,0,0,0,0,0,0,0
meteor/meteor,0,0,1,4,6,6,9,11,11,12,14,15,16,17,17,17,19,19,22,24,25,25,25,26,27,29,29,31,32,33,33,33,35,37,37,37,39,39,40,42,43,43,45,46,48,49,50,52,52,54,56,56,57,58,59,60,61,63,64,66,66,66,68,69,69,70,71,72,72,72,72,72
dmauro/Keypress,0,0,0,0,0,0,0,0,0,0,0,0,0,0,0,0,0,0,0,1,1,1,1,1,1,1,1,1,1,2,2,2,2,2,2,2,2,2,2,2,2,2,2,2,2,2,2,2,2,2,2,2,2,2,2,2,2,2,2,2,2,2,2,2,2,2,2,2,2,3,3,3
tootsuite/mastodon,0,3,3,5,7,9,12,13,16,20,22,22,24,28,31,32,37,39,42,45,48,50,51,55,58,62,65,68,70,71,72,75,75,80,81,83,84,86,89,92,97,98,100,105,108,111,117,119,120,122,125,126,128,129,130,133,138,141,144,144,145,146,150,154,159,164,167,171,173,178,184,184
containous/traefik,3,5,7,8,9,11,11,13,15,16,19,20,23,24,27,29,31,32,34,36,36,37,41,44,44,46,48,52,54,56,56,58,58,60,63,66,69,71,74,75,75,77,79,81,83,87,88,90,91,92,94,95,96,98,101,104,106,111,114,114,115,118,121,121,125,127,128,130,132,134,136,136
valderman/haste-compiler,0,0,0,0,0,0,0,0,0,0,0,0,0,0,0,1,1,1,1,1,1,1,1,1,1,1,1,1,1,1,1,1,1,1,1,1,1,1,1,1,1,1,1,1,1,1,1,1,1,1,1,1,1,1,1,1,1,1,1,1,1,1,1,1,1,1,1,1,1,1,1,1
rvirding/lfe,0,1,1,1,1,1,1,1,1,1,1,1,1,1,1,1,1,1,1,1,1,1,1,1,1,1,1,1,1,1,1,1,1,1,1,1,1,1,1,1,1,1,1,1,1,1,1,1,1,1,1,1,1,1,2,2,2,2,2,2,2,2,2,2,2,2,2,2,2,2,2,2
NativeScript/NativeScript,0,1,2,3,4,6,7,7,8,8,8,8,9,9,10,10,10,11,11,13,14,15,15,15,15,15,15,16,16,16,16,16,16,17,17,19,19,19,20,23,23,26,28,29,29,29,31,32,34,34,34,35,35,36,38,40,40,41,42,44,46,48,51,52,52,53,55,57,60,61,61,61
pingcap/tidb,1,1,3,4,6,9,11,13,16,17,18,18,20,21,22,22,23,24,24,26,28,29,31,31,34,37,40,41,42,43,43,44,45,45,45,45,48,49,49,49,50,52,56,61,61,61,62,64,66,66,66,66,68,69,70,72,73,76,78,79,81,82,82,84,85,86,89,92,97,103,103,103
getsentry/sentry,1,2,2,2,3,3,3,3,6,7,8,10,12,12,13,15,16,16,17,18,18,18,21,21,22,22,22,22,23,23,24,25,25,25,26,26,27,27,28,29,29,29,30,30,31,32,32,34,35,37,38,39,39,39,41,41,41,43,46,47,50,51,51,52,52,55,57,59,62,67,67,67
nitrogen/nitrogen,0,0,0,0,0,0,0,0,0,0,0,1,1,1,1,1,1,1,1,1,1,1,1,1,1,1,1,1,1,1,1,1,1,1,1,1,1,1,1,1,1,1,1,1,1,1,1,1,1,1,1,1,1,1,1,1,1,1,1,1,1,1,1,1,1,1,1,1,1,2,2,2
gogits/gogs,1,2,3,3,4,4,4,4,4,4,5,5,5,5,5,5,6,7,7,8,8,8,8,8,12,13,13,13,13,13,13,13,13,13,13,13,13,13,13,13,16,18,19,20,20,20,23,25,25,27,27,28,28,29,33,33,34,35,36,37,37,37,38,40,41,41,43,47,47,47,47,47
processone/ejabberd,1,2,2,2,2,3,4,5,6,7,8,8,8,8,8,8,8,8,8,10,10,12,13,13,14,14,15,16,17,17,17,17,18,18,18,18,19,20,21,22,22,23,23,25,25,26,26,27,27,27,27,28,28,29,29,29,30,33,35,36,36,37,37,37,37,38,39,41,41,43,44,44
scrapy/scrapy,0,2,3,3,3,3,4,5,8,11,12,13,14,15,16,17,18,19,20,20,21,23,24,24,25,27,27,28,28,29,30,30,30,30,32,32,33,34,35,36,37,38,39,39,40,41,42,43,43,44,45,45,47,49,50,51,51,52,54,56,57,58,59,60,62,63,64,64,65,65,65,65
turbolinks/turbolinks-classic,0,0,0,0,0,0,0,0,0,0,0,0,0,0,0,0,0,0,0,0,0,0,0,0,0,0,0,0,0,0,0,0,0,0,0,0,0,0,0,0,0,0,0,0,0,0,0,0,0,0,0,0,0,0,0,0,0,0,0,0,0,0,0,0,0,0,0,0,0,0,0,0
discourse/discourse,0,0,2,3,3,4,4,4,6,7,7,8,10,13,15,16,18,20,21,21,21,23,24,25,27,27,28,29,30,31,31,33,35,38,39,40,41,44,46,48,51,52,53,55,57,59,60,63,63,65,69,72,73,74,76,79,81,84,85,87,88,90,94,95,97,100,101,104,105,107,113,115
mholt/caddy,3,4,6,7,8,11,13,14,15,16,18,20,20,22,24,27,29,29,29,30,31,32,35,37,38,38,38,38,38,38,38,38,38,39,39,41,42,44,44,44,45,47,48,50,51,51,52,53,54,55,56,56,56,57,58,59,60,60,60,61,62,63,63,63,67,69,70,70,71,72,72,72
sass/sass,1,2,2,2,2,2,2,2,3,3,3,3,3,3,3,3,3,3,3,3,3,4,4,4,4,4,4,4,4,4,4,4,4,4,4,4,4,4,4,4,4,4,4,4,5,5,5,5,5,5,5,5,5,5,5,5,5,5,5,5,5,5,5,5,5,5,5,5,5,5,5,5
SVProgressHUD/SVProgressHUD,0,0,0,0,0,0,0,0,0,0,1,1,1,1,1,2,2,2,2,3,3,3,3,3,3,3,3,3,4,4,4,4,4,4,5,5,7,8,8,8,8,8,9,9,9,9,9,9,9,9,9,10,10,10,10,10,10,11,12,12,12,12,12,12,12,12,12,12,12,12,12,12
turbolinks/turbolinks,0,0,0,0,0,0,0,0,0,0,0,0,0,0,0,0,0,0,0,0,0,0,0,0,0,0,0,0,0,0,0,0,1,1,1,1,1,1,1,1,2,2,2,3,3,3,3,3,3,3,3,3,3,3,3,3,3,3,3,3,4,4,4,4,5,5,5,5,6,6,6,6
morrisjs/morris.js,0,0,0,0,0,0,0,0,0,0,0,0,0,0,0,0,0,0,0,0,0,0,0,0,0,0,0,0,0,0,0,0,0,0,0,0,0,0,0,0,0,0,0,0,0,0,0,0,0,0,0,0,0,0,0,0,0,0,0,0,0,0,0,0,0,0,0,0,0,0,0,0
elm-lang/elm-compiler,0,0,0,0,0,0,2,2,2,2,2,2,3,3,3,3,3,3,3,3,3,3,3,3,3,3,3,3,3,3,3,3,3,3,3,3,3,3,3,3,3,3,3,3,3,3,3,3,3,3,3,3,3,3,4,5,5,5,5,5,5,5,5,5,7,8,8,10,10,10,10,10
erlio/vernemq,0,0,0,0,0,0,0,0,0,0,0,0,0,1,1,1,1,1,1,1,1,1,1,1,1,1,1,1,1,1,1,1,1,1,1,1,1,1,1,1,1,1,1,1,1,1,1,1,1,2,3,3,3,3,3,3,4,4,4,4,4,4,4,4,4,4,4,4,6,6,7,7
roots/sage,0,1,3,3,4,4,4,4,4,5,6,7,8,9,9,9,9,9,9,9,10,10,10,10,11,11,12,12,13,14,14,14,14,15,16,16,17,17,18,18,18,18,19,20,20,20,21,22,23,23,23,23,24,24,25,25,26,26,26,27,27,28,31,33,33,33,35,35,36,36,36,36
ReactiveX/RxAndroid,0,0,0,0,0,0,0,0,0,0,1,2,4,4,4,4,4,4,4,5,5,5,6,6,6,6,7,7,7,7,7,7,9,10,10,10,10,11,11,11,11,11,11,11,11,11,11,11,11,11,11,11,11,11,11,11,11,11,12,12,12,12,13,14,14,14,14,14,14,14,14,14
ggreer/the_silver_searcher,1,1,2,4,4,5,5,6,6,7,8,8,8,8,8,8,8,8,9,9,9,10,11,12,13,13,13,13,13,14,14,14,15,15,18,18,18,18,18,19,19,19,19,20,20,20,20,20,20,21,21,21,21,22,22,23,23,24,24,24,24,24,25,25,25,25,25,25,25,25,25,25
prey/prey-bash-client,0,0,0,0,0,0,0,0,0,0,0,0,0,0,0,0,0,0,0,0,0,0,0,0,0,0,0,0,0,0,0,0,1,1,1,1,1,1,1,1,1,1,1,1,1,1,1,1,1,1,1,1,1,1,1,1,1,1,1,1,1,1,1,1,1,1,1,1,1,1,1,1
pallets/flask,1,3,6,6,9,10,11,11,12,13,14,17,18,19,20,21,21,21,22,24,25,27,27,28,28,30,31,33,35,35,35,35,35,36,37,37,37,38,39,39,39,39,40,40,40,40,43,46,48,50,51,54,55,55,57,58,60,60,61,62,63,63,63,63,64,64,64,64,68,68,68,68
yesodweb/yesod,0,0,0,1,1,1,1,2,2,2,3,3,5,7,8,8,9,10,10,10,10,10,10,10,11,12,12,13,13,14,14,14,14,15,16,16,18,18,18,18,19,19,19,19,19,20,20,21,21,21,22,22,22,23,23,25,25,25,26,26,27,29,30,30,30,30,30,32,32,32,32,32
sorich87/bootstrap-tour,0,0,0,0,0,0,0,0,1,1,1,1,1,1,1,1,1,1,3,3,3,3,3,3,3,3,3,3,3,3,3,3,3,3,3,3,3,3,3,3,3,3,3,3,3,3,3,3,3,3,3,3,3,3,3,3,3,3,3,3,3,3,3,3,3,3,3,3,3,3,3,3
facebook/fresco,0,2,4,4,4,4,6,7,8,11,13,14,14,15,16,16,17,18,19,19,19,22,24,26,28,29,30,32,33,35,36,36,36,37,38,38,39,40,40,42,43,44,46,47,48,48,49,49,49,50,50,50,51,55,56,57,61,61,61,61,63,65,66,69,69,73,74,77,81,83,83,83
ccgus/fmdb,0,0,0,0,0,0,0,0,0,0,0,0,1,1,1,2,2,2,2,2,3,3,3,3,3,3,4,4,4,5,5,5,5,5,5,5,5,6,6,7,7,7,7,7,7,7,7,7,7,7,7,8,8,9,9,9,9,9,10,10,10,10,10,11,11,11,11,11,12,12,12,12
rails/rails,2,5,8,11,15,21,27,30,37,42,49,55,60,63,64,66,72,78,84,88,92,97,102,106,110,116,122,126,130,133,137,140,144,148,153,160,164,168,174,177,181,186,192,194,200,204,209,216,221,225,229,235,241,245,249,255,260,265,268,273,277,283,289,295,299,304,311,318,323,329,334,334
domnikl/DesignPatternsPHP,0,0,0,0,0,0,0,0,0,0,0,0,1,1,1,1,1,1,1,1,3,4,5,5,6,6,6,7,9,9,9,9,9,9,10,11,11,11,11,11,11,11,11,11,12,12,12,12,14,16,16,16,16,16,17,17,17,17,17,18,18,18,18,18,18,18,18,18,18,19,21,21
inconshreveable/ngrok,0,0,0,0,0,0,0,0,0,0,0,0,0,0,0,0,0,0,0,0,0,0,0,0,0,0,0,0,0,0,0,0,0,0,0,0,0,0,0,0,0,0,0,0,0,0,0,0,0,0,0,0,0,0,0,0,0,0,0,0,0,0,0,0,0,0,0,0,0,0,0,0
scala-js/scala-js,0,0,0,0,0,0,0,1,1,1,1,2,2,2,3,3,3,3,3,3,3,3,3,3,3,3,3,3,4,4,4,4,4,4,5,5,5,5,5,5,5,5,5,5,6,6,6,7,7,7,8,8,8,8,8,8,8,8,8,8,9,9,9,9,10,10,10,11,11,12,12,12
ChicagoBoss/ChicagoBoss,0,0,0,0,0,0,0,0,0,0,0,0,0,0,0,0,0,0,1,3,3,3,3,3,3,3,3,3,3,3,3,3,3,3,3,3,3,3,3,3,3,3,3,3,3,3,3,3,3,3,3,3,3,3,3,3,3,3,3,3,3,3,3,3,3,3,3,3,3,3,3,3
mochi/mochiweb,0,0,0,0,0,0,0,0,0,0,1,1,1,1,1,1,1,1,1,1,1,1,1,1,1,1,1,1,1,1,1,1,1,1,1,1,1,1,1,1,1,1,1,1,1,1,1,1,1,2,2,2,2,2,2,2,3,3,3,3,4,4,4,4,4,4,4,4,5,7,7,7
apache/incubator-predictionio,0,1,1,1,1,1,1,1,2,2,2,2,2,3,3,4,4,4,4,4,4,4,4,4,4,5,6,6,6,6,6,6,6,6,6,6,6,6,6,7,7,8,8,9,9,9,9,9,9,9,9,9,9,9,9,9,10,10,10,10,10,10,11,11,12,12,13,13,13,15,15,15
ViccAlexander/Chameleon,0,0,0,1,2,2,2,2,2,2,2,2,2,2,2,2,2,2,2,2,2,2,2,2,2,2,2,2,2,2,2,2,2,2,2,2,2,2,2,2,2,2,2,2,2,2,2,2,2,2,2,2,2,2,2,2,2,2,2,2,2,2,2,2,2,2,2,2,2,2,2,2
jfeinstein10/SlidingMenu,0,0,0,0,0,0,0,0,0,0,0,0,0,0,0,0,0,0,0,0,0,0,0,0,0,0,0,0,0,0,0,0,0,0,0,0,0,0,0,0,0,0,0,0,0,0,0,0,0,0,0,0,0,0,0,0,0,0,0,0,0,0,0,0,0,0,0,0,0,0,0,0
lulzlabs/AirChat,0,0,0,0,0,0,0,0,0,0,0,0,0,0,0,0,0,0,0,0,0,0,0,0,0,0,0,0,0,0,0,0,0,0,0,0,0,0,0,0,0,0,0,0,0,0,0,0,0,0,0,0,0,0,0,0,0,0,0,0,0,0,0,0,0,0,0,0,0,0,0,0
nsqio/nsq,1,2,2,2,3,3,3,3,4,4,4,4,5,5,5,6,6,6,6,8,8,9,10,10,10,10,10,11,11,11,11,11,11,12,12,12,12,12,13,14,15,15,16,16,16,16,16,17,17,17,17,18,19,19,20,20,20,20,20,20,20,20,20,21,23,23,23,23,23,24,24,24
dzenbot/DZNEmptyDataSet,0,0,0,0,0,0,0,0,0,0,0,0,0,0,0,0,0,0,0,0,0,0,0,0,0,0,0,0,0,0,0,0,0,0,1,1,1,1,1,1,1,1,1,1,1,1,1,1,1,1,1,1,1,1,1,1,1,1,1,1,1,1,1,1,1,1,1,1,1,1,1,1
munin-monitoring/munin,2,2,2,3,3,3,3,4,4,4,4,4,5,5,5,5,5,5,5,6,6,6,6,7,7,8,9,9,9,9,9,9,9,9,9,10,10,11,11,13,13,14,14,14,15,16,16,16,16,16,17,17,17,17,18,19,19,20,22,22,22,22,22,22,22,23,23,23,25,27,27,27
reagent-project/reagent,1,1,1,1,1,1,1,1,1,1,1,1,1,1,1,1,1,1,2,3,4,4,4,4,4,4,4,4,4,4,4,4,4,4,4,4,4,4,5,6,6,7,7,7,7,8,8,9,9,9,10,11,11,12,12,13,13,13,13,14,14,16,16,17,17,19,19,20,21,22,22,22
openresty/nginx-tutorials,0,0,0,0,0,0,0,0,0,0,0,0,0,0,0,0,0,0,0,0,0,0,0,0,0,0,0,0,0,0,1,1,1,1,1,1,1,1,1,1,1,1,1,1,1,1,1,1,1,1,1,1,1,1,1,1,1,1,1,1,1,1,1,1,1,1,1,1,1,1,1,1
emqtt/emqttd,0,0,0,0,0,0,0,0,0,0,0,1,1,1,1,2,2,2,2,2,2,2,2,2,2,2,2,2,2,2,2,3,3,3,4,4,4,4,4,4,4,4,4,4,4,4,4,4,4,4,4,4,4,4,4,4,4,5,5,5,5,5,5,5,6,8,9,10,12,13,14,14
netty/netty,1,4,5,6,6,7,7,9,11,12,14,16,18,18,19,21,24,26,27,29,31,34,34,36,39,40,42,43,46,48,48,50,51,52,57,60,61,63,65,66,66,66,67,68,69,70,72,75,76,78,81,81,83,84,85,86,89,90,92,92,93,93,96,97,98,100,102,104,105,107,107,107
omcljs/om,0,0,0,0,0,0,0,0,0,0,0,0,0,1,1,1,1,2,2,2,2,2,2,3,3,3,3,3,3,3,3,3,3,3,3,4,4,4,4,4,4,4,4,4,4,4,4,4,4,4,4,4,5,5,5,5,5,5,5,5,5,5,5,5,5,5,5,5,5,5,5,5
symfony/symfony,1,6,9,12,16,18,22,27,31,34,38,40,43,46,47,50,54,58,59,65,72,75,78,81,84,89,91,97,101,105,107,111,114,118,120,125,131,137,141,145,151,156,160,165,170,174,181,186,191,193,197,201,204,209,212,217,222,229,236,242,245,248,250,252,254,258,264,268,273,278,283,285
gin-gonic/gin,1,1,1,1,2,3,4,4,4,4,4,5,7,8,10,11,11,12,12,12,12,12,13,14,14,14,15,15,17,19,20,20,20,20,21,21,21,21,23,23,23,23,24,25,25,25,27,28,28,30,30,30,31,31,31,32,32,33,33,34,34,34,37,40,42,43,43,44,47,49,50,50
drone/drone,0,1,1,1,2,2,4,7,7,7,8,8,9,9,9,10,10,11,11,12,12,12,12,12,13,13,14,14,14,15,15,15,15,16,19,21,21,24,25,26,27,27,27,28,29,30,30,30,32,32,32,32,32,32,32,32,32,32,32,32,33,34,34,34,34,34,34,34,34,34,34,34
riccardoscalco/textures,0,0,0,0,0,0,0,0,0,0,0,0,0,0,0,0,0,0,0,0,0,0,1,1,1,1,1,1,1,1,1,1,1,1,1,1,1,1,1,1,1,1,1,1,1,1,1,1,1,1,1,1,1,1,1,1,1,1,1,1,1,1,1,1,1,1,1,1,1,1,1,1
ring-clojure/ring,0,0,1,2,2,2,2,2,3,3,3,3,3,4,4,4,4,4,4,6,6,7,7,7,7,7,8,9,9,9,9,9,9,9,9,9,9,10,10,10,11,12,12,12,12,12,13,13,13,13,13,13,14,14,14,15,15,15,15,15,15,15,17,17,17,17,17,18,18,18,18,18
plataformatec/devise,0,0,0,0,0,0,0,0,0,0,0,0,0,0,0,1,1,1,2,2,2,4,5,6,6,7,8,9,10,14,14,14,15,16,17,17,17,18,19,22,22,22,23,27,27,27,29,31,32,33,36,36,36,36,36,36,36,37,37,37,37,38,38,39,39,39,39,39,40,41,43,43
alcatraz/Alcatraz,0,0,0,0,1,1,1,1,1,1,1,1,1,1,1,1,1,3,3,3,3,3,3,3,3,3,3,3,3,3,3,3,3,3,3,3,3,3,3,3,3,3,3,3,3,3,3,3,3,3,3,3,3,3,3,3,3,3,3,3,3,3,3,3,3,3,3,3,3,3,3,3
XX-net/XX-Net,1,1,1,1,1,1,2,2,2,3,3,3,3,5,7,7,9,9,9,9,9,9,9,9,11,11,12,12,12,12,12,12,12,12,12,13,13,13,15,15,15,15,17,18,19,19,19,19,19,19,19,20,20,21,21,22,23,23,23,23,23,23,23,24,24,24,24,24,25,25,25,25
uwiger/gproc,0,0,0,0,0,0,0,0,0,0,0,0,0,0,1,1,1,1,2,2,3,3,3,3,3,3,3,3,3,3,3,3,3,3,3,3,4,4,4,4,4,4,4,4,4,4,4,4,4,4,4,4,4,4,4,4,4,4,4,4,4,4,4,4,4,4,4,4,6,6,6,6
tensorflow/models,1,4,7,13,18,22,26,30,32,34,34,35,37,41,42,46,49,51,52,57,57,60,62,65,68,69,70,73,75,78,80,81,84,84,84,88,91,92,94,99,102,107,113,118,123,126,129,132,136,139,141,146,148,150,153,156,158,159,162,166,171,176,180,187,191,195,198,201,205,207,207,207
thoughtbot/rcm,0,1,1,1,1,1,1,1,1,1,1,1,1,1,1,1,1,1,2,2,2,3,4,4,4,4,4,5,5,5,5,5,5,5,5,5,5,5,5,5,5,5,5,5,5,6,6,6,6,6,6,6,6,7,7,7,8,10,11,11,11,11,11,11,11,11,11,11,11,11,11,11
yhatt/marp,0,1,1,2,2,2,2,2,2,2,2,2,2,2,2,2,2,2,2,2,2,2,2,2,2,2,2,2,2,3,3,3,3,3,3,3,3,3,3,3,3,3,3,3,3,3,3,3,3,3,3,3,3,3,4,4,4,4,4,4,4,4,4,4,4,4,4,4,4,4,4,4
facebook/react,1,4,6,7,9,13,16,16,17,19,22,25,27,29,35,37,39,45,49,51,55,57,61,67,70,75,79,82,85,88,88,92,94,97,99,100,103,104,106,108,108,109,113,117,118,119,120,121,121,123,127,127,130,133,136,139,141,144,145,147,148,152,155,159,163,166,171,176,178,182,182,182
brendangregg/FlameGraph,0,0,0,0,1,1,1,1,3,3,4,4,4,4,4,4,4,4,4,4,4,4,4,4,4,4,4,4,4,4,4,4,4,4,4,4,4,4,4,4,4,4,4,4,4,5,5,5,5,5,6,6,6,6,7,7,7,7,7,7,7,7,7,7,7,7,7,7,7,7,7,7
octobercms/october,1,2,3,3,3,5,6,7,8,10,11,13,14,15,16,16,16,16,18,19,19,22,23,24,24,25,26,28,29,30,32,34,38,38,39,39,39,41,41,41,41,43,47,49,49,51,52,55,55,55,57,57,59,61,61,62,62,64,66,68,70,70,71,73,75,77,78,80,83,84,84,84
sbt/sbt,1,1,1,1,1,1,1,1,1,1,1,2,2,2,2,5,5,6,7,7,8,9,11,11,11,13,14,15,16,17,17,17,17,18,19,19,21,22,22,22,25,27,27,27,30,33,34,37,38,38,39,40,41,44,45,47,48,49,50,51,51,51,53,57,58,59,61,62,63,66,66,66
Homebrew/brew,2,4,6,7,8,10,13,14,17,17,21,23,25,27,28,28,29,30,33,35,37,39,41,42,44,44,46,48,48,49,50,50,54,54,56,57,59,60,60,62,65,68,71,71,73,74,75,77,77,78,79,82,84,85,86,87,88,89,89,89,89,90,92,94,95,96,103,106,109,114,119,119
tarcieri/reia,0,0,0,0,0,0,0,0,0,0,0,0,0,0,0,0,0,0,0,0,0,0,0,0,0,0,0,0,0,0,0,0,0,0,0,0,0,0,0,0,0,0,0,0,0,0,0,0,0,0,0,0,0,0,0,0,0,0,0,0,0,0,0,0,0,0,0,0,0,0,0,0
ornicar/lila,0,0,1,2,3,4,5,5,7,7,7,9,9,10,10,10,10,11,11,12,13,13,15,16,17,17,20,20,20,20,20,20,21,21,21,21,23,24,24,24,24,24,24,24,24,24,25,26,28,29,29,30,30,30,30,30,31,32,32,32,32,33,33,34,34,35,36,37,40,40,40,40
basecamp/pow,0,0,0,0,0,0,0,0,0,0,0,0,0,0,0,0,0,0,0,0,0,0,0,0,0,0,0,2,2,2,2,2,2,2,2,2,2,2,2,2,2,2,2,2,2,2,2,2,2,2,2,2,2,2,2,2,2,2,2,2,2,2,2,2,2,2,2,2,2,2,2,2
BradLarson/GPUImage,0,0,0,0,0,0,0,0,0,0,0,0,0,0,0,0,0,0,0,0,0,0,0,0,0,0,0,0,0,0,0,0,0,0,0,0,0,0,0,0,0,0,0,0,0,0,0,0,0,0,0,0,0,0,0,0,0,0,0,0,0,0,0,0,0,0,0,0,0,0,0,0
sebastianbergmann/phpunit,0,2,3,4,6,6,6,7,8,10,10,10,10,10,11,11,13,13,15,16,20,20,20,21,23,24,25,27,28,30,31,31,31,33,34,34,36,38,38,39,40,40,41,41,44,47,48,49,49,52,52,52,54,55,55,57,57,58,59,61,61,62,62,64,64,66,68,69,69,69,70,71
rebar/rebar,0,0,0,0,0,0,0,0,0,0,0,0,0,0,0,0,0,0,0,0,0,0,0,0,0,0,0,0,0,0,0,0,0,0,0,0,0,0,0,0,0,0,0,0,0,0,0,0,0,0,0,0,0,0,0,0,0,0,0,0,0,0,0,0,0,0,0,0,0,0,0,0
Thibaut/devdocs,1,2,2,2,2,3,3,3,5,6,6,6,6,6,6,6,6,6,6,7,8,9,9,9,9,11,11,11,12,12,13,13,13,13,13,14,14,14,14,14,14,14,14,15,15,16,16,16,16,16,17,18,18,18,20,20,20,21,21,22,23,25,26,26,26,26,26,26,27,27,27,27
Microsoft/vscode,2,5,11,14,16,19,24,28,31,32,35,40,44,46,46,52,56,58,64,69,76,82,86,91,96,99,104,108,114,120,122,126,132,136,139,142,146,151,155,158,161,167,171,177,178,185,191,195,199,205,212,216,222,226,230,236,239,242,246,248,252,256,260,263,268,272,276,280,287,289,289,289
FelisCatus/SwitchyOmega,0,0,0,0,0,0,0,0,0,0,2,2,2,2,2,2,2,2,2,2,3,3,3,3,3,3,5,5,5,5,5,6,6,6,8,8,8,8,8,8,8,8,9,10,11,11,11,11,13,13,13,14,15,15,17,17,17,18,18,18,18,19,20,21,21,22,22,22,22,22,22,22
lk-geimfari/awesomo,0,0,1,1,1,1,1,2,2,2,2,2,4,5,6,8,10,10,11,11,14,16,17,18,18,18,19,19,19,19,20,22,22,23,23,23,23,23,23,23,23,23,23,24,24,24,24,24,24,24,24,24,24,24,25,25,25,25,25,25,25,26,26,26,26,26,26,26,26,27,31,31
swannodette/mori,0,0,0,0,0,0,0,0,0,0,0,0,0,0,0,0,0,0,0,0,0,0,0,0,0,0,0,0,0,0,0,0,0,0,0,0,0,0,0,0,0,0,0,0,0,0,0,0,0,0,0,0,0,0,0,0,0,0,0,0,0,0,0,0,0,0,0,0,0,0,0,0
nicklockwood/iCarousel,0,0,0,0,0,0,0,0,0,0,0,0,0,0,0,0,0,0,0,0,0,0,0,0,0,0,0,0,0,0,0,0,0,0,0,0,0,0,0,0,0,0,0,0,0,0,0,0,0,0,0,0,0,0,0,0,0,0,0,0,0,0,0,0,0,0,0,0,0,0,0,0
scala-native/scala-native,0,3,3,3,4,5,5,5,5,5,5,5,5,5,6,6,7,7,8,9,9,9,10,10,10,10,12,12,13,13,13,13,14,15,15,15,16,17,17,17,17,17,18,18,19,20,20,20,20,20,20,20,21,21,21,21,21,24,27,27,27,27,28,28,28,28,28,28,29,30,30,30
snowplow/snowplow,0,1,1,1,1,1,1,1,1,1,2,4,4,4,4,4,4,5,5,5,5,7,8,8,8,9,9,9,9,9,9,9,9,9,10,10,10,10,11,11,12,13,13,13,13,13,14,14,14,14,14,14,16,16,16,16,17,17,19,19,20,20,21,21,21,22,23,23,23,23,23,23
facebook/react-native,2,7,12,17,20,23,28,33,38,43,48,53,57,62,68,71,77,82,88,94,100,102,108,114,118,121,126,130,133,137,138,140,147,150,154,159,161,166,169,173,178,184,190,192,198,202,206,209,212,217,220,223,226,230,235,239,243,248,252,258,262,267,272,277,282,286,292,297,301,307,307,307
dropbox/zxcvbn,0,0,0,0,0,0,0,0,0,0,0,0,0,0,0,0,0,0,0,1,1,1,1,1,1,1,1,1,1,1,1,1,1,1,1,1,1,1,1,1,1,1,1,1,1,1,1,1,1,1,1,1,1,1,1,1,1,1,1,1,1,1,1,1,1,1,1,1,1,1,1,1
twitter/diffy,0,0,0,0,0,0,0,0,0,0,0,0,0,0,0,0,0,0,0,0,0,0,0,0,0,0,0,0,0,0,0,0,0,0,0,0,0,0,0,0,0,0,0,2,2,2,2,2,2,2,2,2,2,2,2,2,2,2,2,2,2,2,2,2,2,2,2,2,2,2,2,2
ekmett/lens,0,0,2,3,3,4,5,5,6,7,7,7,7,7,7,8,8,8,8,8,9,10,10,10,10,10,10,11,11,11,11,11,11,11,12,12,13,13,13,14,14,14,14,15,15,16,16,16,16,17,17,17,17,17,17,18,19,20,20,20,20,20,22,22,22,22,22,22,23,23,23,23
chaplinjs/chaplin,0,0,0,0,0,0,0,0,0,1,1,1,1,1,2,2,2,2,2,2,2,2,2,2,2,2,2,2,2,2,2,2,2,2,2,2,2,2,2,2,2,2,2,2,2,2,2,2,2,2,2,2,2,2,2,2,2,2,2,2,2,2,2,2,2,2,2,2,2,2,2,2
phalcon/cphalcon,0,1,3,4,4,4,5,7,8,8,9,9,9,10,10,11,12,12,12,13,14,14,14,14,14,16,16,17,17,18,19,20,20,20,21,21,22,22,22,23,24,25,25,25,25,25,25,25,25,25,25,26,26,26,26,26,28,30,30,32,32,34,34,34,34,34,34,34,34,34,34,34
alpaca-lang/alpaca,0,0,0,0,0,0,0,0,0,0,0,3,3,4,4,4,4,4,4,4,4,4,4,4,4,4,4,4,4,4,4,4,4,5,5,5,6,6,6,6,6,6,6,6,6,6,6,6,6,6,6,6,6,6,6,6,6,6,6,6,6,6,6,6,6,6,6,6,6,6,7,7
angular/angular.js,0,1,1,1,3,5,8,8,11,12,12,12,12,13,15,16,16,17,18,18,19,19,20,21,22,22,23,24,24,24,27,28,28,29,30,31,31,31,31,32,32,32,33,33,33,33,33,33,34,34,35,36,36,37,37,38,40,40,40,40,41,42,42,42,43,43,46,47,48,48,48,48
jgm/pandoc,0,0,1,1,1,1,2,4,4,4,4,5,7,7,7,7,7,8,10,13,13,14,18,19,20,21,21,21,23,24,25,27,28,29,30,30,31,32,33,33,34,35,37,39,40,40,41,43,45,45,45,46,47,49,50,51,51,51,53,54,54,59,59,61,63,63,65,67,70,73,75,75
google/iosched,0,0,0,0,0,0,1,1,1,1,1,1,1,1,1,1,1,1,1,1,1,1,1,1,1,1,1,1,1,1,1,1,1,1,1,2,3,3,3,3,3,3,4,6,6,7,9,11,11,12,12,12,12,14,14,14,14,14,14,16,17,17,18,19,19,19,19,19,19,19,19,19
prometheus/prometheus,1,2,2,2,2,3,5,8,9,10,13,15,17,18,20,20,21,21,23,26,28,30,31,37,39,40,42,46,47,47,47,48,50,51,53,55,57,60,63,63,65,66,69,71,74,74,76,78,80,81,81,81,81,83,84,85,86,89,90,91,96,98,99,102,107,108,109,110,113,115,117,117
michaelvillar/dynamics.js,0,0,0,0,0,0,0,0,0,0,0,0,0,0,0,0,0,0,0,0,0,0,0,0,0,0,0,0,0,0,0,0,0,0,0,0,0,0,0,0,0,0,0,0,0,0,0,0,0,0,0,0,0,0,0,0,0,0,0,0,0,0,0,0,0,0,0,0,0,0,0,0
lhartikk/ArnoldC,0,0,0,0,0,0,0,0,0,0,0,0,0,0,0,0,0,0,0,0,0,0,0,0,0,0,0,0,0,0,0,0,0,0,0,0,0,0,0,0,0,0,0,0,0,0,0,0,0,0,0,0,0,0,0,0,0,0,0,0,0,0,0,0,0,0,0,0,0,0,0,0
devinus/poolboy,0,0,0,0,0,0,0,0,0,0,0,0,0,0,0,0,0,0,0,0,0,0,0,0,0,0,0,0,0,0,0,0,0,0,0,0,0,0,0,0,0,0,0,0,0,0,0,0,0,0,0,0,0,0,0,0,0,0,0,0,0,1,1,2,2,2,2,2,2,2,2,2
iluwatar/java-design-patterns,1,2,3,3,3,3,3,3,5,5,6,7,7,10,10,12,16,18,19,19,22,22,25,27,28,28,28,28,30,30,32,33,35,37,40,41,41,41,41,42,45,46,47,48,49,52,52,53,53,54,54,56,56,56,57,57,58,59,59,60,60,60,60,60,63,65,66,67,67,69,69,69
nathanmarz/specter,0,0,0,0,0,0,0,0,0,0,0,0,0,0,0,0,0,0,0,0,1,1,1,1,1,1,1,1,1,1,1,1,1,1,1,1,2,2,2,2,2,2,2,2,3,4,4,4,4,4,4,4,4,4,4,4,5,5,5,5,5,5,5,5,5,5,5,5,5,5,5,5
alda-lang/alda,0,0,0,0,0,0,0,0,1,1,1,1,1,1,1,1,1,1,1,1,2,3,3,3,3,3,3,4,4,4,4,4,4,4,4,4,5,5,5,5,5,5,5,5,5,5,5,5,5,5,5,5,5,5,5,5,5,5,5,5,5,5,5,5,6,6,6,6,6,6,6,6
plumatic/schema,0,0,0,0,0,0,0,0,0,0,0,0,0,0,0,0,0,1,1,1,1,1,1,1,1,1,1,1,1,1,1,1,1,1,1,1,1,1,1,1,1,1,1,3,3,3,3,3,3,3,3,3,3,3,3,4,4,4,4,4,4,5,5,5,5,5,5,5,5,5,5,5
arduino/Arduino,0,0,2,2,2,2,3,3,4,4,4,4,4,4,5,6,6,6,7,7,8,8,8,9,10,10,10,10,10,10,10,10,12,12,12,12,12,12,12,12,12,13,13,13,14,14,14,15,15,15,15,17,18,19,19,19,20,20,20,20,20,21,21,21,22,23,23,24,25,25,25,25
webmachine/webmachine,0,0,0,0,0,0,0,0,0,0,0,0,0,0,0,0,0,0,0,1,1,1,1,1,1,1,2,2,2,2,2,2,2,2,2,2,2,2,2,2,2,2,2,2,3,3,3,3,3,3,3,3,3,3,3,3,3,3,4,4,4,4,4,4,4,4,4,4,4,4,5,5
GUI/lua-resty-auto-ssl,0,0,0,0,0,0,0,0,0,0,0,0,0,0,0,0,0,0,0,0,0,0,0,0,1,1,1,1,1,2,3,4,4,4,4,4,5,5,5,5,5,6,6,6,7,7,8,8,8,9,9,9,9,9,9,9,9,9,9,9,9,9,9,9,9,9,9,9,9,9,9,9
rsnapshot/rsnapshot,0,0,0,1,1,1,1,1,1,1,1,1,1,1,2,2,2,2,2,2,2,2,2,2,2,2,2,2,2,2,2,2,2,2,2,2,2,2,2,2,2,2,2,2,2,2,2,2,2,2,2,2,2,2,2,2,2,2,2,2,2,2,2,2,2,2,2,2,2,2,2,2
yi-editor/yi,0,0,0,1,1,1,2,2,3,3,3,3,3,3,4,4,4,5,6,7,7,7,7,7,7,7,7,7,7,7,7,7,7,7,7,7,8,8,8,8,8,8,8,8,8,8,8,9,10,10,10,11,11,11,11,11,11,11,11,11,12,12,12,12,12,12,12,12,12,12,12,12
basecamp/trix,0,0,0,0,0,0,0,0,0,0,0,0,0,0,0,0,0,0,0,0,0,0,0,0,0,0,0,1,1,1,1,1,1,2,2,2,2,2,2,2,2,2,2,2,2,3,3,3,3,4,4,4,4,4,4,4,4,4,4,4,4,4,4,5,5,5,5,5,5,7,7,7
x0rz/EQGRP,0,0,0,0,0,0,0,0,0,0,0,0,0,0,0,0,0,0,0,0,0,0,0,0,0,0,0,0,0,0,0,0,0,0,0,0,0,0,0,0,0,0,0,0,0,0,0,0,0,0,0,0,0,0,0,0,0,0,0,0,0,0,0,0,0,0,0,0,0,0,0,0
fletcher/MultiMarkdown,0,0,0,0,0,0,0,0,0,0,0,0,0,0,0,0,0,0,0,0,0,0,0,0,0,0,0,0,0,0,0,0,0,0,0,0,0,0,0,0,0,0,0,0,0,0,0,0,0,0,0,0,0,0,0,0,0,0,0,0,0,0,0,0,0,0,0,0,0,0,0,0
socketio/socket.io,0,1,1,2,3,3,3,3,3,3,3,3,5,5,5,5,5,5,6,6,7,7,7,7,7,7,7,7,7,7,7,7,7,7,7,7,7,7,8,9,10,10,10,10,10,10,10,11,11,11,11,11,11,11,11,11,11,11,11,11,11,11,11,12,12,13,13,13,13,13,13,13
apache/couchdb,0,0,0,0,1,2,3,3,4,4,4,4,5,5,5,5,6,7,7,8,8,9,9,10,10,11,11,11,12,12,12,12,13,13,14,16,16,16,16,16,17,17,17,18,18,19,19,19,20,20,20,21,21,22,22,25,25,25,26,27,27,29,31,31,31,33,34,35,36,38,38,38
jaspervdj/hakyll,0,2,2,3,3,4,6,6,6,7,7,7,7,7,7,7,7,7,7,8,9,9,9,9,10,11,11,11,11,11,13,14,14,14,14,14,15,15,15,15,15,16,18,18,18,18,18,19,19,19,19,19,20,21,21,21,21,22,23,23,23,24,24,24,24,24,24,25,25,25,25,25
certbot/certbot,1,3,5,6,7,9,10,10,10,11,12,12,14,15,15,17,18,19,20,20,21,22,24,24,25,26,27,28,29,29,29,29,29,29,30,30,30,33,35,35,35,36,41,43,44,45,48,48,48,48,52,55,55,56,57,58,60,60,61,63,64,67,67,67,67,67,68,70,73,75,75,75
BabylonJS/Babylon.js,0,2,6,8,8,11,11,11,14,16,17,20,20,20,21,23,25,25,27,28,30,31,33,34,36,37,37,38,40,41,44,47,48,50,53,56,58,59,60,61,63,63,64,64,65,66,67,71,73,75,76,76,78,80,81,83,85,87,89,91,93,96,99,103,106,109,111,114,121,123,123,123
Jack000/Expose,0,0,0,0,0,0,0,0,0,0,0,0,0,0,0,0,0,0,0,0,0,0,0,0,0,0,0,0,0,0,0,0,0,0,0,0,0,0,0,0,0,0,0,0,0,0,0,0,0,0,0,0,0,0,0,0,0,0,0,0,0,0,0,0,0,0,0,0,0,0,0,0
robbiehanson/CocoaAsyncSocket,0,1,1,2,2,2,2,2,2,2,2,2,3,3,3,3,3,3,3,3,3,3,3,3,3,3,3,3,3,3,3,3,3,3,3,3,3,3,3,4,4,4,4,5,5,5,5,5,5,5,5,5,5,5,5,5,5,5,5,5,6,6,6,6,6,6,6,6,6,6,6,6
heroku/logplex,0,0,0,0,0,0,0,0,0,0,0,0,0,0,0,0,0,0,0,0,0,0,0,0,1,1,1,1,1,1,1,1,2,2,2,2,2,2,2,3,3,3,3,4,5,6,6,6,6,6,6,6,6,6,6,6,6,6,6,6,6,6,6,6,6,6,6,6,6,6,6,6
jessesquires/JSQMessagesViewController,0,0,0,0,1,1,1,1,1,1,1,1,1,1,1,1,1,1,1,1,1,1,2,2,2,2,2,2,2,2,2,2,2,2,2,2,3,3,3,3,3,3,3,3,3,3,3,3,3,3,3,3,3,3,3,3,3,3,3,3,3,3,3,3,3,3,3,3,3,3,3,3
grpc/grpc,0,0,2,2,4,4,6,8,10,14,17,19,21,23,24,28,32,35,36,40,42,45,47,47,50,53,56,58,59,60,61,61,62,63,66,69,71,74,78,81,83,85,89,92,93,94,95,96,97,98,101,103,105,107,111,115,116,119,121,125,127,131,137,139,144,145,148,152,157,159,159,159
Netflix/Hystrix,0,1,1,3,3,3,4,4,4,4,4,4,4,4,4,5,5,5,5,6,6,6,6,6,6,6,6,6,6,6,6,6,7,8,8,8,8,8,8,8,8,8,8,8,9,9,9,11,12,12,12,12,12,12,12,12,12,12,12,12,12,12,12,12,12,12,12,12,12,12,12,12
mgechev/angular-seed,0,3,4,7,7,8,10,11,11,12,12,13,13,14,14,15,17,18,18,19,19,20,21,21,21,21,21,21,21,21,21,21,21,21,21,21,22,22,22,22,22,22,22,22,23,23,23,23,23,25,26,26,26,26,26,26,26,26,26,26,27,27,27,27,29,29,30,30,31,32,32,32
wg/wrk,0,0,0,0,0,0,0,0,0,0,0,0,0,0,0,0,0,0,0,0,0,0,0,0,0,0,0,0,0,0,0,0,0,1,1,1,1,1,1,1,1,1,1,1,1,1,1,1,1,1,1,1,1,1,1,1,1,1,1,1,1,1,1,1,1,1,1,1,1,1,1,1
basho/rebar,0,0,0,0,0,0,0,0,0,0,0,0,0,0,0,0,0,0,0,0,0,0,0,0,0,0,0,0,0,0,0,0,0,0,0,0,0,0,0,0,0,0,0,0,0,0,0,0,0,0,0,0,0,0,0,0,0,0,0,0,0,0,0,0,0,0,0,0,0,0,0,0
Bilibili/ijkplayer,0,2,2,2,2,2,3,3,3,3,3,3,3,3,3,3,3,3,3,4,4,4,4,4,4,4,4,6,6,6,6,6,6,6,6,7,8,8,8,8,8,8,8,8,8,8,8,8,8,8,8,8,8,8,8,8,8,8,8,8,8,8,8,8,8,8,8,8,8,8,8,8
antirez/redis,2,2,4,6,6,9,9,10,14,15,16,17,17,18,18,18,18,18,18,19,19,19,19,19,20,20,20,20,22,22,22,22,24,26,27,27,27,28,29,31,31,32,33,33,34,34,35,35,36,36,36,37,39,39,42,45,49,52,55,58,59,60,61,61,64,66,70,72,73,74,74,74
major/MySQLTuner-perl,0,0,2,2,2,2,3,3,3,4,4,4,4,4,5,6,6,6,7,7,7,7,7,7,8,8,9,9,9,9,9,9,10,10,10,10,10,12,12,12,12,12,12,12,12,12,12,12,12,12,12,14,14,15,15,15,15,15,15,15,17,17,19,20,20,20,20,20,20,21,21,21
tornadoweb/tornado,0,1,3,3,4,5,6,6,6,6,9,9,9,10,10,10,12,12,12,12,14,15,16,17,17,17,17,19,20,20,21,21,22,22,23,25,25,25,26,27,27,28,28,28,29,32,32,32,33,33,34,35,36,36,36,37,38,38,39,39,42,43,44,45,45,45,45,47,47,47,47,47
JakeWharton/butterknife,0,0,0,0,2,2,2,2,2,2,3,3,3,3,3,3,3,4,4,4,4,5,5,5,5,6,6,6,7,7,8,8,9,10,11,11,11,11,12,12,13,13,13,14,14,15,16,16,16,16,16,16,16,16,18,18,18,18,18,18,19,19,19,19,19,19,21,21,21,22,22,22
Homebrew/legacy-homebrew,0,0,0,0,0,0,0,0,0,0,0,0,0,0,0,0,0,0,0,0,0,0,0,0,0,0,0,0,0,0,0,0,0,0,0,0,0,0,0,0,0,0,0,0,0,0,0,0,0,0,0,0,0,0,0,0,0,0,0,0,0,0,0,0,0,0,0,0,0,0,0,0
twitter/finagle,0,0,2,3,3,4,6,9,11,11,11,14,17,19,19,20,22,23,25,26,26,26,28,30,30,30,31,31,31,32,32,32,34,37,38,38,38,38,39,39,39,39,40,42,44,44,44,44,46,46,46,47,49,49,50,51,51,52,53,55,57,57,57,58,61,62,65,68,70,74,74,74
sparanoid/chinese-copywriting-guidelines,0,0,0,0,0,0,0,0,0,0,0,0,0,0,0,0,0,0,0,0,0,0,0,0,0,0,0,0,0,0,0,0,0,0,0,0,0,0,0,0,0,0,0,0,0,0,0,0,0,0,0,0,0,0,0,0,0,0,0,0,0,0,0,0,2,2,2,2,2,2,2,2
forkingdog/UITableView-FDTemplateLayoutCell,0,0,0,0,0,0,0,0,0,0,0,0,0,0,0,0,0,0,0,0,0,0,0,0,1,1,1,1,1,1,1,1,1,1,1,1,1,1,1,1,1,1,1,1,1,1,1,1,1,1,1,1,1,1,1,1,1,1,1,1,1,1,1,1,1,1,1,1,1,1,1,1
frankiesardo/icepick,0,0,0,0,0,0,0,0,0,0,0,0,0,0,0,1,1,1,1,1,1,1,1,1,1,1,1,1,1,1,1,1,1,1,1,1,1,1,1,1,1,1,1,1,1,1,1,1,1,1,1,1,1,1,1,1,1,1,1,1,1,1,1,1,1,1,1,1,1,1,1,1
so-fancy/diff-so-fancy,0,2,2,2,3,3,3,4,4,5,5,6,6,6,6,6,6,7,7,8,8,8,8,8,8,8,8,8,8,8,8,9,9,9,9,9,9,9,9,11,11,11,11,11,11,11,11,11,11,11,11,11,11,11,11,11,11,11,11,11,11,11,11,11,11,11,13,13,13,13,13,13
weavejester/hiccup,0,0,0,0,0,0,0,0,0,0,0,0,0,0,0,0,0,0,0,0,0,0,0,0,0,0,0,0,0,0,0,0,0,0,0,0,0,0,0,0,0,0,0,0,0,1,1,1,2,2,2,2,2,2,2,2,2,2,2,2,2,2,2,2,2,2,2,2,2,2,2,2
go-martini/martini,0,0,0,0,0,0,0,0,0,0,0,0,0,0,0,0,0,0,0,0,0,0,0,0,0,0,0,0,0,0,0,0,0,0,0,0,0,0,0,0,0,0,0,0,0,0,0,0,0,0,0,0,0,0,0,0,0,0,0,0,0,0,0,0,0,0,0,0,0,0,0,0
nvbn/thefuck,0,0,0,0,0,1,1,2,2,2,2,2,3,3,3,4,4,4,5,7,7,7,7,7,8,8,8,8,9,9,9,11,12,13,13,14,14,14,15,15,15,15,15,16,16,16,16,16,16,17,17,18,18,18,18,18,18,18,20,20,21,21,21,23,23,23,23,23,23,23,23,23
philc/vimium,0,0,0,0,0,0,0,1,1,1,1,1,1,2,2,2,3,4,7,7,8,9,9,9,9,10,11,11,11,11,11,11,12,12,12,12,13,13,13,13,14,14,14,14,14,14,14,14,14,14,14,14,14,14,14,14,14,15,15,15,15,15,16,16,16,17,18,19,19,20,20,20
angular/angular,1,2,3,5,6,8,12,16,19,22,27,30,33,34,39,39,40,43,45,48,50,53,56,62,66,69,73,78,80,81,87,92,95,99,103,107,111,116,119,123,127,130,135,138,142,147,152,154,156,161,165,169,172,178,183,186,190,193,197,201,208,214,220,225,226,229,234,238,243,244,244,244
mesos/chronos,0,0,0,0,0,0,0,0,0,0,0,0,0,0,0,0,0,0,0,1,1,1,1,1,1,1,1,1,1,1,1,1,1,1,1,1,1,1,1,1,1,1,1,1,1,1,1,1,1,1,1,1,1,1,1,1,1,1,1,2,2,2,2,2,2,2,3,3,3,3,3,3
munin-monitoring/contrib,0,0,0,1,2,3,4,5,5,5,5,6,7,7,7,7,8,10,11,11,11,11,11,12,12,12,12,12,12,12,12,12,12,12,13,14,14,15,16,16,17,18,19,23,23,23,26,27,27,27,27,27,27,28,29,29,29,29,30,31,32,32,32,32,33,33,33,34,36,36,36,36
hackiftekhar/IQKeyboardManager,1,1,1,1,1,2,3,3,3,3,3,4,4,4,4,4,4,5,6,6,7,7,8,9,10,10,10,10,10,11,12,12,13,13,13,13,13,13,13,13,13,13,14,14,15,16,16,17,17,18,19,19,19,19,19,19,19,19,19,20,20,21,22,22,22,22,22,22,22,22,22,22
golang/go,1,4,8,12,18,22,24,29,31,36,40,42,47,52,58,63,70,74,79,81,84,89,94,98,103,109,112,115,119,122,123,126,127,128,132,135,139,144,148,152,156,160,164,170,176,181,187,193,197,198,202,206,210,214,217,222,228,230,236,242,247,252,256,261,266,273,279,283,290,297,300,300
avelino/awesome-go,3,5,7,8,10,14,16,17,19,21,27,30,32,34,37,41,41,43,44,47,50,53,54,59,60,64,66,71,74,74,74,80,83,85,86,90,93,96,98,100,102,106,108,112,115,116,120,123,127,130,132,134,136,136,138,138,138,141,141,144,147,148,149,153,155,156,157,158,160,161,163,163
theintern/intern,0,0,1,1,1,1,1,1,1,1,1,1,1,1,1,1,1,2,2,3,3,3,3,3,4,4,4,4,4,4,4,4,4,4,4,4,5,5,5,6,6,6,7,7,7,7,7,7,7,7,7,7,7,8,8,8,9,9,9,9,9,9,9,10,10,10,11,11,12,12,12,12
webpack/webpack,2,3,6,11,15,18,20,22,24,27,30,31,34,37,38,39,40,42,42,46,47,49,50,50,54,56,57,58,61,65,68,71,74,75,78,83,87,90,91,95,97,102,106,109,114,117,118,122,126,128,131,134,138,140,141,146,146,148,151,153,154,157,159,160,161,163,164,167,170,171,171,171
atom/atom,1,2,3,5,5,5,6,7,7,8,10,11,11,12,15,17,18,19,19,19,22,24,25,25,28,28,29,31,31,34,38,39,42,43,44,44,44,45,47,51,52,54,55,55,56,56,57,57,59,59,61,62,63,64,65,66,67,67,67,68,69,70,74,75,75,79,80,84,87,90,91,91
coreos/etcd,0,1,4,5,7,9,9,10,11,12,15,17,17,19,21,22,24,25,27,28,30,34,36,38,40,40,41,42,43,43,43,45,47,47,50,52,54,56,57,57,60,61,64,68,69,70,71,74,78,79,80,82,83,85,87,88,91,93,94,97,99,99,101,104,106,108,110,112,117,120,121,121
bayandin/awesome-awesomeness,1,1,1,2,2,3,3,4,4,5,5,5,5,5,6,6,7,8,8,8,8,8,9,10,10,10,10,10,10,10,12,12,13,14,16,17,17,17,18,19,19,20,20,20,20,21,21,21,21,21,21,21,21,22,23,24,24,24,25,25,25,26,26,27,27,28,28,28,28,28,28,28
DrKLO/Telegram,0,0,0,0,0,0,0,0,0,0,0,0,0,0,0,0,0,0,0,0,0,0,0,0,0,0,0,0,0,0,0,0,0,0,0,0,0,0,0,0,0,0,0,0,0,0,0,0,0,0,0,0,0,0,0,0,0,0,0,0,0,0,0,0,0,1,1,1,1,1,1,1
facebookincubator/duckling,0,3,4,8,10,10,10,11,12,13,14,17,21,24,25,25,25,26,28,29,31,34,35,35,36,37,39,42,43,45,45,47,47,48,51,52,54,55,56,57,59,59,63,63,64,67,69,69,69,71,72,74,74,77,79,80,80,81,82,84,84,86,86,90,92,93,95,97,97,98,98,98
google/guava,1,3,3,3,4,6,8,8,8,11,12,13,15,18,18,19,22,25,28,31,34,35,37,38,39,39,42,44,45,45,45,46,46,48,49,51,53,54,54,54,55,57,60,60,62,62,67,68,68,71,72,74,75,76,77,78,81,82,84,84,84,88,91,93,96,97,98,100,102,102,102,102
linkerd/linkerd,0,1,1,1,1,1,3,4,4,5,5,5,6,7,8,9,9,10,10,12,12,14,14,15,16,16,18,18,18,18,18,19,19,21,21,21,21,24,24,25,25,26,28,29,29,29,30,30,31,33,34,34,34,34,35,36,38,40,41,42,44,44,44,45,46,46,46,46,47,48,48,48
ipython/ipython,1,5,6,8,9,9,11,13,15,16,16,17,19,21,21,21,22,25,25,25,26,27,29,30,32,34,37,37,39,42,44,44,44,44,44,45,45,45,46,48,48,49,51,52,52,54,55,56,57,57,59,59,59,62,64,64,67,68,69,69,70,71,71,72,74,75,77,81,82,85,85,85
quil/quil,0,0,0,0,0,0,0,0,0,0,0,0,0,0,0,0,0,0,1,1,1,1,1,2,2,2,2,2,2,2,2,2,2,2,2,2,2,2,2,2,2,2,2,3,3,3,3,3,4,4,4,4,4,4,5,5,5,5,5,5,5,5,5,6,6,6,6,7,7,7,7,7
gulpjs/gulp,0,0,1,1,1,1,2,4,5,5,5,5,5,5,5,5,5,5,5,5,5,5,6,7,7,7,7,8,8,8,9,9,9,10,10,11,13,13,13,13,13,13,13,13,13,13,13,13,13,14,14,14,15,15,15,15,15,15,15,15,15,15,15,15,16,16,16,16,16,16,16,16
CocoaPods/CocoaPods,0,0,0,0,0,0,1,1,1,1,2,5,5,5,5,6,6,6,6,6,6,7,8,10,11,11,12,12,12,13,13,13,13,14,14,14,15,16,16,16,17,19,21,21,22,22,23,23,23,25,25,25,25,27,27,27,27,27,28,28,28,28,30,30,31,32,32,32,34,37,40,40
CachetHQ/Cachet,0,1,1,3,3,3,3,4,4,4,4,4,4,5,5,6,7,7,7,9,9,10,10,10,10,10,13,14,14,14,15,15,16,17,17,17,17,17,17,18,18,19,19,19,20,21,23,24,24,25,25,25,25,26,27,28,30,32,33,34,35,35,36,37,37,37,39,39,39,39,39,41
h5bp/html5-boilerplate,0,1,1,1,2,3,3,4,4,4,5,6,6,6,6,6,6,7,8,8,8,8,9,10,10,10,12,12,12,12,12,12,12,12,12,12,13,13,13,13,13,13,14,15,15,15,16,16,16,16,17,17,17,17,17,17,17,17,17,17,17,17,18,19,19,19,19,19,20,20,20,20
Dogfalo/materialize,2,4,5,7,9,10,11,15,15,16,16,16,16,16,16,16,16,17,17,17,17,17,17,18,20,21,22,23,25,25,26,27,30,31,33,33,33,35,38,38,39,39,39,41,41,41,43,45,47,47,47,47,49,49,49,49,49,49,50,50,50,50,50,50,50,50,51,51,52,52,52,52
carp-lang/Carp,0,0,0,0,0,0,0,0,0,0,0,0,0,0,0,0,0,0,0,0,1,1,1,1,1,2,3,3,4,6,6,6,6,6,6,7,7,7,7,7,7,7,8,8,9,9,9,9,9,9,9,9,9,9,9,9,10,10,10,10,11,11,11,11,11,11,11,12,12,13,14,14
github/hub,0,0,0,2,2,3,3,3,3,3,4,5,5,7,7,7,8,8,8,8,10,10,10,11,11,11,11,11,11,11,12,12,13,13,14,15,16,18,18,18,20,21,21,21,21,21,21,22,23,23,24,24,25,26,29,29,29,30,30,30,30,30,31,31,31,33,33,33,33,34,34,34
laravel/laravel,0,1,1,2,4,6,7,9,10,11,13,16,16,16,18,18,19,20,20,21,22,23,25,26,27,28,30,30,30,34,34,35,35,35,35,36,38,40,41,43,44,45,48,49,51,53,53,53,54,56,57,57,58,58,58,59,59,60,63,63,64,65,66,68,69,72,76,79,80,84,87,87
PHPMailer/PHPMailer,0,0,1,1,1,1,1,1,1,1,2,2,2,3,3,5,5,5,5,5,6,6,6,6,7,7,8,8,8,9,9,10,10,11,11,11,11,11,11,11,11,12,12,13,14,14,14,15,15,15,15,15,16,16,16,16,18,18,18,18,18,19,19,19,20,20,20,21,22,24,26,26
kevinzhow/PNChart,0,0,1,1,1,1,1,1,1,1,1,1,1,2,2,2,2,2,2,3,3,3,3,4,4,4,4,5,5,6,6,6,6,6,6,6,7,7,7,8,10,10,10,10,10,10,10,10,10,10,10,10,10,10,10,10,10,10,10,10,10,10,10,10,10,10,10,10,10,10,10,10
shadowsocks/shadowsocks,0,0,0,0,0,0,0,0,0,0,0,0,0,0,0,0,0,0,0,0,0,0,0,0,0,0,0,0,0,0,0,0,0,0,0,0,0,0,0,0,0,0,0,0,0,0,0,0,0,0,0,0,0,0,0,0,0,0,0,0,0,0,0,0,0,0,0,0,0,0,0,0
purescript/purescript,0,1,2,2,2,2,2,3,4,4,6,7,8,9,10,12,14,15,15,15,16,17,17,18,20,20,21,22,22,24,24,24,24,24,24,24,24,24,24,24,24,24,24,25,25,28,31,33,33,36,36,36,37,37,37,37,37,37,37,37,37,37,38,38,38,39,40,40,40,41,41,41
reactjs/redux,1,1,2,4,6,7,10,10,12,17,18,22,26,28,28,30,31,34,37,42,44,47,52,55,57,60,63,65,67,69,70,72,73,75,78,81,83,84,86,86,89,92,94,97,99,103,106,110,112,113,114,117,119,119,119,122,123,126,128,129,130,131,131,134,135,136,137,139,141,144,144,144
scala/scala,0,2,3,4,5,6,10,10,11,12,14,15,15,17,17,19,19,21,23,24,25,27,28,28,29,31,32,34,34,37,37,40,40,41,42,43,46,49,50,54,56,59,62,63,64,66,66,67,70,73,75,77,78,80,81,85,86,87,90,91,92,93,96,99,103,104,107,111,115,116,116,116
basho/riak_core,0,0,0,0,0,0,0,0,0,0,0,0,0,0,0,0,0,0,0,0,0,0,0,0,0,0,0,0,0,0,0,0,0,0,0,0,0,0,0,0,0,0,0,0,0,0,0,0,0,0,0,0,0,0,0,0,0,0,0,0,0,0,0,0,0,0,0,0,0,0,0,0
hakimel/reveal.js,0,1,1,1,1,1,1,1,1,1,4,4,4,4,5,6,6,6,6,6,6,7,8,8,9,9,11,11,11,11,11,11,11,12,12,12,13,14,14,14,15,16,18,19,19,20,20,20,21,21,21,21,21,22,22,22,22,22,22,22,22,23,23,23,23,23,23,23,23,23,23,23
sdiehl/wiwinwlh,0,0,0,0,1,2,2,3,4,4,4,5,5,5,5,5,6,6,6,6,8,8,8,8,8,9,10,10,10,10,10,10,10,10,11,11,12,12,12,12,12,12,12,12,13,13,13,14,14,14,15,15,16,16,16,16,16,16,17,17,17,17,17,18,19,19,19,19,19,19,19,19
erlang/otp,1,1,3,5,7,9,13,15,16,16,16,18,20,22,22,24,25,26,28,29,29,30,31,32,33,35,38,39,41,42,44,45,47,49,50,51,52,53,55,58,58,60,63,63,68,68,69,71,72,74,75,77,78,78,80,82,84,86,88,91,93,96,100,105,107,108,111,113,116,118,121,121
onyx-platform/onyx,0,0,0,0,0,0,1,2,2,2,2,2,2,2,2,2,2,2,2,2,3,3,3,3,3,3,3,3,3,4,5,6,6,6,6,7,7,7,8,8,8,8,9,9,10,10,10,13,13,13,13,13,13,13,13,13,13,13,13,13,13,13,13,13,13,13,13,13,13,14,14,14
gitbucket/gitbucket,0,0,1,2,2,2,2,3,3,3,4,6,6,6,6,6,6,6,6,7,7,9,9,10,10,10,10,10,11,12,12,12,12,14,14,14,16,16,16,16,17,18,18,20,20,20,21,22,22,22,23,24,25,26,26,26,27,28,29,29,30,30,30,30,30,30,31,31,33,34,34,34
greenrobot/EventBus,0,0,0,0,0,0,0,0,0,0,0,0,0,0,0,0,0,0,0,0,0,0,0,0,0,0,0,0,1,1,1,1,1,1,1,1,1,1,1,1,1,1,1,1,1,1,1,1,1,1,1,1,1,1,1,1,1,1,1,1,1,1,1,1,1,2,2,2,2,2,2,2
moment/moment,1,3,4,5,5,5,6,7,8,11,12,13,13,13,13,13,13,13,14,15,15,15,16,17,17,17,18,18,20,21,22,22,22,22,22,22,22,22,22,24,25,25,25,25,27,29,29,30,30,30,30,30,31,31,31,31,31,31,31,31,31,31,31,31,31,31,31,31,31,31,31,31
lamdu/lamdu,1,1,1,1,1,1,1,1,1,1,1,1,1,1,1,1,1,2,2,2,2,2,2,2,2,2,2,2,2,2,2,2,2,2,2,2,2,2,2,2,2,2,2,3,3,3,3,3,3,3,3,3,3,3,3,3,3,3,3,3,3,3,3,3,3,3,3,3,3,5,5,5
jgm/gitit,0,0,0,0,0,0,0,0,0,0,0,0,0,0,0,0,0,0,0,0,0,0,0,0,0,0,0,0,0,0,0,0,0,0,0,0,0,0,0,0,0,0,0,0,0,0,0,0,0,0,0,0,0,0,0,0,1,1,1,1,1,2,3,3,3,3,3,3,3,3,3,3
overtone/overtone,0,1,1,1,1,1,2,2,2,2,2,2,2,2,2,3,3,3,3,4,5,5,5,5,5,5,5,6,6,6,6,6,6,6,6,6,7,7,7,7,7,7,7,8,8,8,10,10,10,10,10,10,10,10,10,10,11,11,11,11,11,11,11,11,11,11,11,11,11,11,11,11
expressjs/express,0,0,0,0,1,1,1,2,2,4,4,4,4,4,4,4,4,6,6,8,8,8,9,9,9,9,9,9,9,9,10,11,11,11,12,12,12,13,13,13,13,13,13,13,13,13,13,13,13,13,14,15,15,15,15,15,16,16,16,16,16,16,16,17,17,17,17,17,17,18,18,18
jessfraz/dotfiles,0,0,0,0,0,0,1,2,2,2,2,2,2,2,2,2,2,2,2,2,2,2,2,2,2,2,2,2,3,3,3,3,3,3,3,3,3,3,3,3,3,3,3,3,3,3,3,3,3,3,3,3,3,3,3,4,4,4,4,4,4,4,4,5,5,5,5,5,5,6,6,6
spray/spray,0,0,0,0,0,0,0,0,0,0,0,0,0,0,0,0,0,0,0,0,0,0,0,0,0,0,0,0,0,0,0,0,0,0,0,0,0,0,0,0,0,0,0,0,0,0,0,0,0,0,0,0,0,0,0,0,0,0,0,0,0,0,0,0,0,0,0,0,0,0,0,0
NARKOZ/hacker-scripts,0,0,0,0,0,0,0,0,0,0,0,0,0,0,0,0,0,0,0,0,0,0,0,0,0,0,0,0,0,0,0,0,0,0,0,0,0,0,0,0,0,0,0,0,0,0,0,0,0,0,0,0,0,0,0,0,0,0,0,0,0,0,0,0,0,0,0,0,0,0,0,0
revel/revel,0,0,0,0,0,0,1,2,3,3,3,3,3,3,3,3,3,3,3,3,3,4,5,5,5,5,6,7,7,7,7,7,7,7,9,10,10,10,11,11,11,11,13,13,13,13,13,13,13,13,13,13,13,13,13,13,14,14,15,15,15,15,15,15,16,16,16,16,17,17,17,17
angular/material2,1,4,5,7,9,10,13,15,16,18,21,22,24,26,26,28,29,31,34,36,36,37,38,40,40,41,43,45,46,47,47,48,50,51,55,57,59,61,64,65,65,66,66,66,67,68,69,71,73,78,80,81,84,85,86,88,91,92,93,96,98,98,99,102,106,108,108,111,116,117,117,117
ReactiveX/rxjs,0,0,1,2,4,5,7,7,9,10,11,11,11,11,11,12,14,15,16,18,18,20,22,23,23,23,25,25,26,27,28,28,32,33,34,35,36,36,37,38,40,42,44,46,48,51,54,54,55,57,57,60,62,65,67,68,69,70,71,72,76,79,80,82,83,84,85,88,89,91,91,91
PHPOffice/PHPExcel,0,0,0,0,0,0,0,0,0,0,0,0,0,0,0,0,0,0,0,0,0,0,0,0,0,0,0,0,0,0,1,1,1,1,1,1,1,1,1,1,1,1,1,1,1,1,1,1,1,1,1,1,1,1,1,1,1,1,1,1,1,1,1,1,1,1,1,1,1,1,1,1
erlang-lager/lager,0,1,1,1,1,1,1,1,1,1,1,1,1,1,2,2,2,2,2,2,2,2,2,2,2,2,3,3,3,3,3,4,5,5,5,6,8,8,9,9,9,9,9,10,10,10,10,10,10,10,10,10,10,10,10,10,10,10,11,11,11,11,11,11,11,14,16,16,17,18,18,18
witheve/Eve,0,0,1,2,3,3,3,3,3,4,4,4,4,4,4,4,4,4,4,4,4,4,4,4,4,4,4,4,4,4,4,4,4,4,4,4,4,4,4,4,4,4,5,5,5,5,5,5,5,5,5,5,5,5,5,5,5,5,5,5,5,5,5,5,5,5,5,5,5,5,5,5
WordPress/WordPress,0,0,0,0,0,0,1,1,1,1,2,2,3,3,3,3,4,4,4,4,4,4,5,5,5,5,7,7,7,7,7,7,7,7,7,7,8,9,10,11,12,13,13,13,13,13,13,14,15,15,15,15,15,15,15,15,16,17,17,18,18,19,20,22,23,26,28,31,31,33,36,36
zxing/zxing,0,2,2,2,2,2,2,2,2,2,2,2,2,2,2,3,4,4,5,6,6,7,7,8,8,8,9,9,9,10,11,11,11,11,11,11,11,12,13,14,14,15,15,15,15,15,15,15,15,15,17,17,17,17,18,19,19,19,20,20,22,22,22,22,22,22,22,22,23,24,24,24
Microsoft/reactxp,1,2,3,3,3,4,4,4,4,5,5,5,5,5,6,7,8,8,9,9,9,11,12,12,12,13,13,14,14,14,14,14,15,16,17,20,21,22,22,23,24,25,27,27,27,30,30,31,31,32,33,34,35,37,39,41,43,43,44,46,47,49,49,50,50,50,54,55,58,58,58,58
apache/spark,3,6,10,15,17,22,23,26,30,37,40,45,50,53,57,63,64,66,69,72,77,82,87,90,91,95,97,100,104,109,114,116,120,121,125,130,131,133,133,136,139,142,145,148,152,156,158,163,165,170,175,178,180,185,191,195,199,201,206,212,218,224,229,235,242,247,253,258,263,267,267,267
robertdavidgraham/masscan,0,0,0,0,0,0,0,0,0,0,0,0,0,0,0,0,0,0,0,0,1,1,1,1,1,1,1,1,1,1,1,1,1,1,1,1,1,1,1,2,2,2,2,2,2,2,2,2,2,2,2,2,2,2,2,2,2,2,2,2,3,3,3,3,3,3,4,4,4,4,4,4
square/picasso,0,0,0,0,0,0,1,1,1,1,1,1,1,2,2,2,2,2,2,3,3,3,3,3,3,4,4,5,5,5,5,6,7,7,7,7,8,8,8,10,11,12,12,12,13,13,14,14,14,14,14,14,14,14,14,14,14,14,14,14,14,14,14,15,15,15,17,18,20,20,20,20
sdiehl/write-you-a-haskell,0,0,0,0,0,0,0,0,0,0,0,0,0,0,0,0,0,0,0,0,0,0,0,0,0,0,0,0,0,0,0,0,0,0,0,0,0,0,0,0,0,0,0,0,0,0,0,0,0,0,0,0,0,0,0,0,0,0,0,0,0,0,0,0,0,0,0,0,0,0,0,0
fastlane/fastlane,2,5,8,11,15,16,19,22,24,28,30,32,35,37,39,41,45,47,48,50,52,56,59,62,65,68,72,74,80,84,85,89,94,97,98,102,105,110,114,116,120,124,127,131,135,138,139,140,144,144,146,149,151,152,153,154,157,158,159,162,163,166,168,169,170,173,177,180,184,190,191,192
jp9000/obs-studio,0,0,1,2,3,3,4,6,6,6,8,9,9,9,12,15,16,18,18,18,20,21,24,26,27,28,30,31,32,32,33,33,35,39,40,44,46,46,48,48,48,51,51,52,53,53,55,56,58,60,60,61,62,64,65,65,69,71,74,76,78,78,80,83,86,88,90,95,101,102,102,102
twitter/scalding,0,0,0,1,1,1,1,1,1,1,1,1,1,1,1,2,2,3,3,3,4,4,5,5,5,5,5,5,6,7,7,7,7,7,7,7,7,7,7,8,9,10,10,11,11,11,11,12,13,13,13,13,13,13,13,14,14,14,14,14,14,15,16,18,18,19,19,19,19,19,19,19
ghc/ghc,0,2,4,6,7,8,8,8,11,14,15,17,19,20,21,23,24,25,25,25,27,28,30,31,31,32,32,32,33,34,34,35,36,37,37,38,38,40,40,41,42,42,43,45,46,49,50,51,53,55,60,62,66,67,70,73,75,76,79,82,86,90,94,96,97,101,102,107,110,114,115,115
facebook/Haxl,0,0,1,1,1,1,2,2,4,4,4,4,4,4,4,4,4,4,4,5,5,5,5,6,6,6,6,6,6,6,6,6,7,7,7,7,7,7,7,7,7,7,7,7,7,7,7,7,7,7,7,7,8,8,9,10,10,11,11,11,13,13,14,14,14,14,14,14,14,15,15,15
creaktive/rainbarf,0,0,0,0,0,0,0,0,0,0,0,0,0,0,0,0,0,0,0,0,0,0,0,0,0,0,0,0,0,0,0,0,0,0,0,0,0,0,0,0,0,0,0,0,0,0,0,0,0,0,0,0,0,0,0,0,0,0,0,0,0,0,0,0,0,0,0,0,0,0,0,0
codecombat/codecombat,0,1,1,2,3,3,5,5,5,5,6,6,7,8,8,8,9,9,11,13,16,19,21,25,27,27,27,28,31,32,32,32,33,34,35,39,40,42,42,43,43,43,44,44,44,44,46,46,48,50,51,54,56,57,58,58,59,60,60,61,63,64,64,65,66,68,68,69,72,74,75,75
palantir/blueprint,0,0,1,2,3,3,3,3,3,4,5,6,7,8,9,9,10,11,12,15,17,19,20,22,22,23,24,26,27,27,27,27,29,31,32,35,36,38,38,38,41,43,46,47,49,51,53,53,55,55,56,56,56,56,58,59,60,61,65,67,67,69,71,71,72,72,75,77,79,79,79,79
koalaman/shellcheck,0,0,1,1,1,1,1,2,2,3,4,4,4,5,5,5,5,5,5,5,5,5,6,6,6,6,6,6,7,8,8,8,10,10,12,12,13,13,15,15,16,17,19,20,22,22,23,24,24,24,24,24,24,25,25,25,25,26,26,26,27,27,27,28,28,29,30,31,31,31,32,32
thoughtbot/bourbon,0,0,1,2,2,2,2,2,2,2,2,2,2,2,2,2,2,3,3,3,3,3,3,3,3,3,3,3,3,3,3,3,3,4,4,4,4,4,4,4,5,5,5,5,5,5,5,5,5,5,5,5,5,5,5,5,5,5,6,7,8,8,8,8,8,8,8,8,8,8,8,8
square/retrofit,0,0,1,1,1,1,1,1,1,1,1,1,1,1,1,1,1,1,1,2,2,3,3,3,4,4,4,5,5,6,6,6,6,7,7,7,7,8,8,8,9,9,10,13,13,13,13,13,13,13,13,13,13,13,13,14,15,16,16,16,16,16,16,16,17,17,17,17,18,19,19,19
getlantern/lantern,0,0,0,0,0,0,0,0,0,0,0,0,0,0,0,0,0,0,0,0,0,0,0,0,0,0,0,0,0,0,0,0,0,0,0,0,0,0,0,1,1,2,2,2,2,2,2,2,2,2,2,2,2,2,2,2,2,2,2,2,3,3,3,3,3,3,3,3,3,3,3,3
jepsen-io/jepsen,0,1,1,1,2,2,2,2,3,3,3,4,4,4,4,4,4,4,4,5,6,6,6,6,7,7,7,7,8,8,8,8,8,8,8,8,8,8,8,8,8,9,11,11,11,11,12,13,13,14,15,15,15,16,16,17,19,20,20,20,20,21,21,21,21,21,21,21,23,23,23,23
sahat/satellizer,0,0,0,0,0,0,0,0,0,0,0,0,0,0,0,0,0,0,0,0,0,0,0,0,0,0,0,0,0,0,0,0,0,0,0,0,0,0,0,0,0,0,0,0,0,0,0,0,0,0,0,0,0,0,0,0,0,0,0,0,0,0,0,0,0,0,0,0,0,0,0,0
irungentoo/toxcore,0,0,0,0,0,0,0,0,0,0,0,0,0,0,0,0,0,0,0,0,0,0,0,0,0,0,0,0,0,0,0,0,0,0,0,0,0,0,0,0,0,0,0,0,0,0,1,1,1,1,1,1,1,1,1,1,1,1,1,1,1,1,1,1,1,1,1,1,1,1,1,1
riemann/riemann,0,0,0,1,2,2,2,2,2,2,3,3,3,3,3,3,3,3,3,3,3,3,3,3,3,4,4,4,5,6,6,6,7,7,7,7,8,8,10,10,10,10,10,10,10,11,11,13,13,13,13,14,14,14,14,15,15,15,15,15,15,15,15,15,15,15,15,15,15,15,15,15
influxdata/influxdb,0,0,4,4,5,5,7,7,8,8,9,9,9,9,10,10,11,13,14,15,17,19,20,20,22,22,22,22,23,23,23,25,26,27,27,29,30,31,31,31,32,33,34,36,37,38,39,40,41,42,44,45,45,46,47,47,49,50,52,53,54,54,55,56,58,60,60,60,61,63,65,65
torch/torch7,0,1,2,3,3,4,6,7,8,8,11,12,13,13,16,16,16,17,17,17,17,17,17,17,17,17,17,17,17,17,17,17,17,17,17,17,17,17,17,17,17,17,17,17,17,17,17,17,17,17,17,17,17,17,17,17,17,18,18,18,18,18,18,18,18,18,18,18,18,18,18,18
huginn/huginn,1,1,1,1,2,3,3,4,7,9,10,10,10,10,12,13,13,13,13,13,13,13,13,13,13,14,14,14,14,14,14,15,15,15,15,17,17,18,18,18,18,18,19,19,20,20,21,22,22,23,23,24,25,26,27,27,27,27,28,29,29,30,30,31,31,31,31,31,31,31,32,32
ghcjs/ghcjs,1,1,1,2,2,2,2,2,2,2,2,2,2,2,2,2,2,2,2,2,2,2,2,2,2,2,3,3,3,3,3,3,3,3,3,3,3,3,3,3,3,3,3,3,3,3,3,3,3,3,3,3,3,3,3,3,3,3,3,3,3,3,3,3,3,3,3,3,3,3,3,3
gka/chroma.js,0,0,0,0,0,0,0,0,0,0,0,0,0,1,1,1,1,2,2,3,3,3,3,3,3,3,3,3,3,3,3,3,3,3,3,3,3,3,3,3,3,3,3,3,3,3,4,4,4,4,4,4,4,4,4,4,4,4,6,6,6,6,6,6,6,6,6,6,6,7,7,7
cakephp/cakephp,1,4,7,7,9,10,12,13,13,16,18,21,21,23,26,28,30,31,33,35,36,36,37,37,38,39,40,41,42,43,45,46,47,49,50,50,50,53,55,57,59,61,62,62,63,66,70,73,74,74,75,77,79,79,81,83,86,88,89,91,91,91,92,94,98,102,103,104,104,107,111,112
idris-lang/Idris-dev,1,3,4,5,7,8,8,10,12,14,14,15,15,15,15,15,16,17,17,19,21,22,25,26,27,29,31,33,34,36,36,38,38,38,39,41,41,44,49,51,52,56,58,60,62,63,63,64,65,65,66,69,71,72,73,74,76,77,78,79,80,80,80,81,81,82,83,84,85,86,86,86
magomimmo/modern-cljs,0,1,1,1,1,2,2,2,2,2,2,2,3,3,3,3,3,3,3,3,3,4,4,4,4,4,4,4,4,4,4,4,4,4,4,4,4,5,5,5,5,5,5,5,5,5,5,5,5,5,5,5,5,5,5,5,5,5,5,5,5,5,5,5,5,5,5,5,5,5,5,5
danielmiessler/SecLists,0,0,0,1,2,3,3,4,4,4,4,4,4,4,4,5,5,7,7,7,8,8,9,9,9,9,9,9,9,9,10,10,10,10,11,11,11,11,13,13,15,15,16,17,19,19,19,20,20,20,20,20,21,21,22,23,24,24,25,26,27,27,27,27,29,29,29,29,29,29,32,33
railsware/upterm,0,0,1,1,1,2,3,4,5,5,5,5,5,5,5,6,8,10,11,11,11,11,11,11,11,11,11,11,13,13,13,13,13,13,13,13,13,13,13,13,13,13,13,13,13,13,13,14,14,14,14,14,15,16,17,17,17,17,17,17,18,18,18,18,18,19,19,20,21,21,21,21
angular/angular-cli,2,5,8,14,16,17,20,23,26,31,32,35,37,38,39,40,42,45,50,50,53,56,60,61,61,63,66,68,70,72,75,77,79,81,83,85,86,86,88,90,90,90,91,91,92,94,94,94,95,98,101,104,105,108,109,109,109,110,111,112,115,116,119,123,126,129,133,135,138,138,138,138
RestKit/RestKit,0,0,0,0,0,1,1,1,1,1,1,1,1,2,2,2,3,3,3,3,3,3,3,3,3,3,3,3,4,4,4,4,4,4,4,4,4,4,4,5,5,5,5,5,5,5,5,5,5,5,5,5,5,5,6,7,7,7,7,7,7,7,7,7,7,7,7,8,8,8,8,8
toddmotto/public-apis,2,3,6,6,8,9,9,10,14,19,22,25,29,32,33,35,37,38,43,46,52,56,58,60,65,67,68,69,71,72,73,75,79,81,83,86,88,89,91,93,96,97,100,102,102,105,110,110,112,112,114,116,117,118,119,119,121,121,122,122,124,124,125,126,126,126,127,128,129,129,133,134
hashicorp/terraform,3,8,11,14,17,18,20,23,25,27,28,31,34,36,39,42,45,47,48,50,52,57,60,63,65,66,68,71,74,78,78,79,80,82,86,90,92,95,97,100,104,108,111,115,119,120,123,124,125,126,127,128,128,128,130,133,136,138,140,141,144,145,147,150,151,152,154,157,160,162,163,163
k4rthik/git-cal,0,0,0,0,0,0,0,0,0,0,0,0,0,0,0,0,0,0,0,0,0,0,0,0,0,0,0,0,0,0,0,0,0,0,0,0,0,0,0,0,0,0,0,0,0,0,0,0,0,0,0,0,0,0,0,0,0,0,0,0,0,0,0,0,0,0,0,0,0,0,0,0
jameysharp/corrode,0,0,0,0,0,0,0,0,0,0,0,0,0,0,0,0,0,0,0,0,0,0,0,0,0,0,0,0,0,0,0,0,0,0,0,0,0,0,0,0,0,0,0,0,0,0,0,0,0,0,0,0,0,0,0,0,0,0,0,0,0,0,0,0,0,0,0,0,0,0,0,0
typelead/eta,0,1,1,1,1,1,1,1,1,1,1,3,3,4,4,5,5,5,6,6,6,7,8,8,8,8,8,8,9,9,9,9,9,9,9,10,11,11,15,16,17,18,18,19,19,19,19,19,19,19,19,19,19,19,20,20,20,21,21,21,24,24,25,27,28,29,30,32,33,34,34,34
facebook/Shimmer,0,0,0,0,0,0,0,0,0,0,0,0,0,0,0,0,0,0,0,0,0,0,0,0,0,0,0,0,0,0,0,0,0,0,0,0,0,0,0,0,0,0,0,0,0,0,0,0,0,0,0,0,0,0,0,0,0,0,0,0,0,0,0,0,0,0,0,0,0,0,0,0
capistrano/capistrano,0,1,1,1,1,2,2,3,4,4,5,6,6,6,6,7,7,7,8,10,11,13,13,13,13,13,14,14,14,14,14,15,15,15,15,15,15,15,15,15,15,15,15,16,16,17,17,17,17,17,17,17,17,17,17,19,19,20,20,20,20,20,20,20,20,20,20,20,20,20,20,20
memcached/memcached,0,0,0,0,0,1,1,1,1,1,1,1,1,2,2,2,2,2,3,3,3,3,3,3,4,4,4,4,5,5,6,6,6,6,6,6,6,7,7,8,9,10,12,12,12,12,12,12,12,12,12,12,13,13,16,17,19,19,20,20,21,22,23,23,23,23,23,23,23,23,23,23
dalibo/pgbadger,0,0,0,0,0,0,0,0,0,0,0,0,0,0,0,0,0,0,0,0,0,0,0,0,0,0,0,0,0,0,0,0,0,0,0,0,0,0,0,0,0,0,0,0,0,0,0,0,0,0,0,0,0,0,0,0,0,0,0,0,0,0,0,0,0,1,1,2,2,2,2,2
clojure-cookbook/clojure-cookbook,0,0,0,0,0,0,0,0,0,0,0,0,0,0,0,0,0,0,0,0,0,0,0,0,0,0,0,0,0,0,0,0,0,0,0,0,0,0,0,0,0,0,0,0,0,0,0,0,0,0,1,2,2,2,2,2,2,2,2,2,2,2,2,2,2,2,2,2,2,2,2,2
jakubroztocil/httpie,0,0,0,0,2,2,2,2,2,2,2,2,2,2,2,2,2,2,3,3,3,3,3,3,5,5,5,6,6,7,7,7,7,7,7,7,7,7,7,7,7,7,7,7,7,9,9,9,9,9,9,9,9,9,9,9,9,9,10,11,12,12,12,12,12,12,14,14,14,14,14,14
discoproject/disco,0,0,0,0,0,0,0,0,0,0,0,0,0,0,0,0,0,0,0,0,0,0,0,0,0,0,0,0,0,0,0,0,0,0,0,0,0,0,0,0,0,0,0,0,0,0,0,0,0,0,0,0,0,0,0,0,0,0,0,0,0,0,0,0,0,0,0,0,0,0,0,0
devongovett/pdfkit,0,0,0,0,1,1,1,1,2,2,2,2,3,3,3,3,3,3,3,3,3,3,3,3,3,3,3,3,3,3,3,3,3,3,3,4,4,4,4,4,4,4,4,4,4,4,4,4,4,4,4,4,4,4,4,5,6,6,6,6,6,6,6,6,6,6,6,6,6,6,6,6
barryvdh/laravel-debugbar,1,2,2,2,2,2,2,2,3,3,3,4,4,5,6,6,6,6,7,7,7,7,7,7,7,7,7,7,7,8,8,8,8,8,8,9,10,10,10,10,11,11,11,11,11,11,12,13,14,14,14,14,14,14,14,14,14,14,14,14,15,16,16,17,18,18,18,18,18,19,19,19
cayleygraph/cayley,0,0,0,0,0,0,1,1,1,2,2,2,2,2,2,2,2,3,3,3,3,3,3,4,4,4,4,5,5,6,6,7,8,8,8,8,8,8,8,9,10,10,10,10,10,10,12,12,12,12,12,12,14,14,14,14,14,15,15,16,16,16,16,16,17,17,17,17,18,19,19,19
getgrav/grav,2,2,2,2,2,3,3,4,4,5,5,5,8,8,9,9,9,10,10,11,12,12,14,14,15,15,17,17,17,17,18,18,18,19,19,20,20,20,23,23,23,25,25,25,25,26,26,27,27,27,28,28,29,30,30,30,30,31,31,32,33,33,34,34,35,35,35,35,35,35,36,37
PenturaLabs/Linux_Exploit_Suggester,0,0,0,0,0,0,0,0,0,0,0,0,0,0,0,0,0,0,0,0,0,0,0,0,0,0,0,0,0,0,0,0,0,0,0,0,0,0,0,0,0,0,0,0,0,0,0,0,0,0,0,0,0,0,0,0,0,0,0,0,0,0,0,0,0,0,0,0,0,0,0,0
processone/tsung,0,0,0,0,0,0,1,1,1,1,2,3,3,3,3,3,4,4,4,4,5,5,5,5,5,5,5,6,6,6,6,6,6,6,6,6,7,7,8,8,8,8,8,8,8,8,8,8,8,9,9,10,11,11,11,12,12,12,12,12,13,13,13,15,15,16,16,16,17,17,17,17
FFmpeg/FFmpeg,2,5,9,13,18,21,22,25,26,29,31,33,34,36,38,41,43,44,46,46,48,52,54,57,62,64,69,73,77,79,80,85,88,89,92,94,98,100,105,107,111,113,115,118,122,127,130,133,136,139,139,141,144,146,147,149,151,154,156,158,162,168,172,175,179,184,187,191,196,198,198,198
blueimp/jQuery-File-Upload,0,0,0,0,0,0,0,0,0,0,1,2,2,3,3,3,3,3,3,3,3,3,3,3,4,5,5,5,5,5,5,6,6,6,6,6,7,7,7,7,7,8,8,8,8,8,8,8,8,8,8,8,8,8,8,10,10,10,10,10,10,10,10,10,10,10,10,10,10,10,10,10
elastic/elasticsearch,1,4,7,9,10,13,17,19,19,21,23,25,28,30,33,37,39,40,44,46,49,51,55,59,62,64,68,70,72,74,75,77,82,85,88,92,94,98,102,108,110,113,116,119,122,126,128,130,135,138,142,144,144,146,149,150,155,157,162,165,168,171,175,179,181,185,190,194,199,203,203,203
afollestad/material-dialogs,0,0,0,0,1,1,1,2,2,2,2,2,2,5,6,6,6,6,6,6,7,7,7,7,7,7,7,7,7,7,7,7,7,7,7,7,7,7,7,7,7,7,7,7,7,7,7,7,7,7,7,7,7,7,7,7,7,7,7,7,7,7,7,7,7,7,7,7,7,8,8,8
klacke/yaws,0,0,0,0,0,0,1,1,1,1,1,1,1,1,1,1,1,1,1,1,1,1,1,1,1,1,2,2,2,2,2,2,2,2,2,2,2,2,2,2,2,2,2,2,2,2,2,2,2,2,2,2,3,3,3,3,4,4,4,4,4,4,4,5,5,5,5,5,5,5,5,5
rabbitmq/rabbitmq-server,0,1,1,1,1,1,1,2,2,2,2,2,2,2,2,2,2,2,2,2,4,4,4,4,4,4,4,4,5,5,5,5,5,5,6,6,8,8,8,8,8,8,9,9,9,9,9,9,9,9,9,10,11,11,11,12,12,13,13,14,14,14,15,15,15,15,16,16,18,19,21,21
git/git,1,2,5,8,10,12,14,17,20,22,24,26,27,30,31,34,38,40,42,43,46,50,54,60,62,65,67,71,74,77,78,79,82,83,86,87,89,91,93,97,98,100,103,105,110,113,117,118,120,121,121,124,126,129,134,137,142,146,148,151,155,155,158,162,165,169,174,178,180,181,181,181
chartjs/Chart.js,1,3,6,8,10,13,14,15,15,15,15,16,16,16,16,16,16,17,19,21,22,22,24,26,26,28,31,31,31,32,33,33,33,33,35,37,38,40,41,41,42,42,43,43,45,46,47,47,47,48,48,51,51,53,54,54,55,56,58,58,59,59,61,61,61,61,61,63,64,64,64,64
tonsky/datascript,0,0,1,1,1,1,1,1,1,1,1,1,1,1,1,1,1,1,1,1,1,1,1,1,1,1,1,1,2,2,2,2,2,2,2,2,2,2,3,3,4,4,4,4,4,4,4,5,5,5,5,5,5,6,6,6,6,6,6,6,6,6,6,6,6,6,6,6,7,7,7,7
reddit/reddit,0,0,0,0,0,0,1,1,1,1,1,1,1,1,1,1,1,1,1,2,2,2,2,2,2,2,2,2,2,2,2,2,2,2,2,2,2,2,2,2,2,2,2,2,2,2,2,2,2,2,2,2,2,2,2,2,2,2,2,2,2,2,2,2,2,2,2,2,2,2,2,2
mikeizbicki/HLearn,0,0,0,0,0,0,0,0,0,0,0,0,0,0,0,0,0,0,0,0,0,0,0,0,0,0,0,0,0,0,0,0,0,0,0,0,0,0,0,0,0,0,0,0,0,0,0,0,0,0,0,0,0,0,0,0,0,0,0,0,0,0,0,0,0,0,0,0,0,0,0,0
python/cpython,3,8,12,17,21,23,25,27,32,35,39,42,44,48,54,57,64,69,73,76,80,84,90,95,100,105,110,112,115,118,119,121,124,124,129,133,138,143,148,154,157,159,164,167,169,172,176,181,184,186,192,197,203,209,213,215,219,224,228,231,236,240,246,248,252,257,261,268,275,281,281,281
vim/vim,0,0,0,0,0,0,0,0,0,0,0,0,0,0,0,0,0,0,0,0,0,0,0,0,0,0,0,0,0,0,0,0,0,0,0,0,0,0,0,0,0,0,0,0,0,0,0,0,0,0,0,0,0,0,0,0,0,0,0,0,0,0,0,0,0,0,0,0,0,1,1,1
faylang/fay,0,0,0,0,0,0,0,1,1,1,1,1,1,1,1,1,1,2,2,2,2,2,2,2,2,2,2,2,2,2,2,2,2,2,2,2,2,2,2,3,3,3,3,3,3,3,3,3,3,3,3,4,4,4,5,5,5,5,5,5,5,5,5,5,5,5,5,5,5,5,5,5
resume/resume.github.com,0,0,0,0,0,0,0,0,0,0,0,0,0,0,0,0,0,0,0,0,0,0,0,0,0,0,0,0,0,0,0,0,0,0,0,0,0,0,0,0,0,0,0,0,0,0,0,0,0,0,0,0,0,0,0,0,0,0,0,0,0,0,0,0,0,0,0,0,0,0,0,0
cognitect/transit-format,0,0,0,0,0,0,0,0,0,0,0,0,0,0,0,0,0,0,0,0,0,0,0,0,0,0,0,0,0,0,0,0,0,0,0,0,0,0,0,0,0,0,0,0,0,0,0,0,0,0,0,0,0,0,0,0,0,0,0,0,0,0,0,0,0,0,0,0,0,0,0,0
ansible/ansible,2,8,13,19,24,29,35,41,46,51,57,64,70,75,80,86,91,97,102,107,113,120,125,131,138,143,150,157,162,167,169,174,180,186,192,199,206,211,216,222,228,233,239,244,250,256,262,268,274,280,285,291,296,302,307,312,317,324,330,336,341,347,353,359,365,372,377,383,389,394,394,394
joewalnes/websocketd,0,0,0,0,0,1,1,1,1,1,1,1,1,1,1,1,1,1,1,1,1,1,1,1,1,1,1,1,2,2,2,2,2,2,2,2,2,2,2,2,2,2,2,2,2,2,2,2,2,2,2,2,2,2,2,2,2,2,2,2,2,2,2,2,2,2,2,2,2,2,2,2
stedolan/jq,0,0,0,0,0,0,0,0,0,0,0,0,0,0,0,0,0,0,0,0,0,1,2,2,3,3,4,4,5,5,5,6,6,6,6,6,7,7,8,9,10,10,10,10,10,10,10,10,10,11,11,11,11,11,11,11,11,11,11,11,11,11,11,11,11,12,12,12,12,12,12,12
ruby-grape/grape,0,0,2,2,3,3,5,5,5,5,5,5,6,6,6,7,7,8,10,11,11,11,13,14,15,16,16,17,17,18,19,20,20,20,20,21,22,22,22,22,23,25,26,28,28,28,29,29,30,30,30,31,32,33,33,33,33,33,33,33,34,34,34,35,36,37,39,40,40,40,41,41
eczarny/spectacle,0,0,0,0,0,0,1,1,1,1,1,1,1,1,1,1,1,1,1,1,1,1,1,1,1,1,1,1,1,1,1,1,1,1,1,1,1,1,1,1,1,1,1,1,1,1,1,1,1,1,1,1,1,1,1,1,1,1,1,1,1,1,1,1,1,1,1,1,1,1,1,1
gohugoio/hugo,2,3,4,4,6,7,7,8,11,13,15,15,16,16,17,17,17,20,22,24,25,26,27,27,27,28,30,30,32,32,32,33,35,35,37,38,39,40,40,40,40,41,42,42,43,43,44,44,45,45,45,47,48,49,49,49,50,51,52,54,54,56,57,58,60,62,64,67,67,70,70,70
d3/d3,0,0,0,0,0,1,1,1,1,1,1,1,1,1,1,1,1,1,1,1,1,1,1,1,1,1,1,1,1,1,1,1,1,2,2,2,2,2,2,2,2,2,2,2,2,2,2,2,3,3,3,3,3,3,3,3,3,3,3,3,3,3,3,3,4,5,5,5,5,5,5,5
sarabander/sicp-pdf,0,0,0,0,1,1,1,1,1,1,1,1,1,2,2,2,2,2,2,2,2,2,2,2,2,2,2,2,2,2,2,2,2,2,2,2,2,2,2,2,2,2,2,2,2,2,2,2,2,2,2,2,2,2,2,2,2,2,2,4,4,4,4,4,4,4,4,4,4,4,4,4
phanan/koel,0,0,0,0,0,0,0,0,0,0,0,0,0,0,0,0,0,0,0,0,0,0,0,1,1,1,2,2,3,3,3,3,3,3,3,3,3,3,3,3,3,3,3,3,3,3,3,3,3,3,3,3,3,3,4,5,5,5,5,5,5,5,5,5,5,5,5,5,5,6,7,7
JetBrains/kotlin,1,4,5,5,7,8,9,10,11,12,14,18,19,21,22,23,25,26,27,28,30,33,33,35,35,36,38,40,43,45,45,46,48,50,50,50,50,52,54,57,58,60,62,64,67,70,73,73,74,76,78,80,81,82,83,84,86,86,87,87,89,91,94,99,105,106,110,116,120,123,123,123
jnordberg/wintersmith,0,0,0,0,0,0,0,0,0,0,0,0,0,0,0,1,1,1,1,1,1,1,1,1,1,1,1,1,1,1,1,1,1,2,2,2,2,2,2,2,2,2,2,2,2,2,2,2,2,2,2,2,2,2,2,2,2,2,2,2,2,2,2,2,2,2,2,2,2,2,2,2
kripken/emscripten,0,0,2,2,2,3,7,7,9,10,10,10,10,12,13,14,16,19,20,22,22,24,24,25,25,25,25,25,26,27,27,28,29,30,32,33,35,37,37,37,38,40,42,43,45,46,46,47,50,50,51,51,54,56,58,60,62,66,68,70,73,73,74,75,76,78,80,84,87,88,88,88
jquery/jquery,0,0,1,2,3,3,3,3,3,3,4,5,5,5,5,5,5,6,6,6,6,6,6,6,6,7,8,8,8,8,8,8,9,9,9,9,9,9,9,9,11,11,11,11,11,11,12,12,12,13,15,15,15,15,15,16,16,16,16,16,17,19,19,19,20,21,22,22,22,22,22,22
sharelatex/sharelatex,0,0,0,0,0,0,0,0,0,2,2,2,2,2,2,2,2,2,2,2,2,2,2,2,2,2,2,2,2,2,2,2,2,2,2,2,2,2,2,2,2,2,2,2,2,2,2,3,4,4,4,4,4,4,4,4,4,4,4,4,4,5,5,5,5,5,5,5,5,5,5,5
ztellman/aleph,0,0,0,0,0,0,0,0,0,0,0,0,0,0,0,2,2,2,2,2,2,2,2,3,3,5,5,5,6,6,6,6,6,7,7,8,8,8,8,9,9,9,9,9,9,9,10,10,10,10,10,10,11,11,11,11,11,11,11,11,13,13,14,15,15,15,15,15,16,16,16,16
josephmisiti/awesome-machine-learning,0,1,1,2,3,5,8,9,10,12,14,16,18,21,21,24,24,27,28,29,33,34,35,37,39,41,41,42,45,47,47,47,48,49,49,51,53,55,55,58,59,60,62,63,64,65,65,65,68,70,70,70,72,72,73,73,76,77,79,79,79,82,82,85,86,88,89,90,92,93,93,93
tensorflow/playground,0,0,0,0,0,0,0,0,0,0,0,0,0,0,0,0,0,0,0,0,0,0,0,0,0,0,0,0,0,0,0,0,0,2,2,2,2,2,2,2,2,2,2,3,3,4,4,4,4,4,4,4,4,4,4,4,4,4,4,4,4,5,5,5,5,5,5,5,5,5,5,5
unisonweb/unison,0,0,0,0,0,0,0,0,0,0,0,0,0,0,0,0,0,0,0,0,0,0,0,0,0,1,1,1,1,1,1,1,1,1,1,1,1,1,1,1,1,1,1,1,1,1,1,1,1,1,1,1,1,1,1,1,1,1,1,2,2,2,2,3,3,4,4,5,7,8,8,8
jariz/vibrant.js,0,0,0,0,0,0,0,0,0,0,0,0,0,0,0,0,0,0,0,0,0,0,0,0,0,0,1,1,1,1,1,1,1,1,1,1,1,1,1,1,1,1,1,1,1,1,1,1,1,1,1,1,1,1,1,1,1,1,1,1,1,1,1,1,1,1,1,1,1,1,1,1
akveo/ng2-admin,0,0,0,0,0,0,0,0,0,2,2,2,2,2,2,2,5,6,6,6,7,7,7,7,7,7,8,9,11,11,11,11,11,11,11,11,11,12,12,13,13,13,13,14,14,14,14,14,14,15,15,15,15,16,16,16,16,18,18,18,19,19,21,22,22,22,22,22,22,22,22,22
NarrativeScience/Log.io,0,0,0,0,0,0,0,0,0,0,0,0,0,0,0,0,0,0,0,0,0,0,0,0,0,0,0,0,0,0,0,0,0,0,0,0,0,0,0,0,0,0,0,0,0,0,0,0,0,0,0,0,0,0,0,0,0,0,0,0,0,0,0,0,0,0,0,0,0,0,0,0
ionic-team/ionic,1,4,5,5,5,6,6,6,6,6,7,7,7,7,7,7,8,8,8,8,8,8,8,8,8,8,8,8,8,8,9,9,9,9,9,9,9,9,10,11,11,12,12,12,14,15,15,15,15,15,18,18,18,19,19,20,20,20,22,24,25,25,29,31,34,36,37,41,43,45,45,45
h2o/h2o,0,0,0,0,0,0,1,2,2,2,2,3,3,3,4,4,5,5,5,6,8,8,8,8,8,8,9,11,11,11,11,11,12,13,15,15,15,15,15,15,15,15,17,18,18,18,18,18,18,18,19,19,20,20,20,20,21,21,22,23,23,24,25,25,25,26,27,29,29,29,29,29
olivierverdier/zsh-git-prompt,0,0,0,0,0,0,0,0,0,0,0,0,0,0,0,0,0,0,0,0,0,0,0,0,0,0,0,0,0,0,0,0,0,0,0,0,0,0,0,0,0,0,0,0,0,0,0,0,0,0,0,0,0,0,0,0,0,0,0,0,0,0,0,0,0,0,0,0,0,0,0,0
alibaba/fastjson,0,0,0,0,0,0,0,1,2,2,3,3,5,5,5,6,8,8,10,10,11,11,11,13,13,14,15,15,15,15,15,17,17,17,17,17,18,18,18,19,19,19,20,20,20,20,20,20,20,20,20,20,21,21,21,22,22,23,23,23,24,25,25,28,28,28,28,28,28,28,28,28
faif/python-patterns,1,1,2,3,4,4,4,4,5,5,5,6,6,6,6,7,7,7,8,8,8,8,8,8,8,8,8,9,9,10,10,10,10,10,10,10,10,10,10,10,10,11,11,11,12,15,15,15,15,15,15,15,15,15,15,15,15,15,16,16,17,17,17,17,17,17,17,18,19,19,19,19
thoughtbot/paperclip,0,0,0,0,1,1,1,1,1,1,1,1,1,1,1,1,1,1,1,2,2,4,4,4,4,5,5,5,5,5,5,5,6,6,8,10,10,11,12,13,15,16,16,16,16,16,16,16,18,20,22,22,22,22,22,22,22,22,22,22,23,23,23,23,23,23,23,24,24,24,25,25
tobie/ua-parser,0,0,0,0,0,0,0,0,0,0,0,0,0,0,0,0,0,0,0,0,0,0,0,0,0,0,0,0,0,0,0,0,0,0,0,0,0,0,0,0,0,0,0,0,0,0,0,0,0,0,0,0,0,0,0,0,0,0,0,0,0,0,0,0,0,0,0,0,0,0,0,0
twbs/bootstrap,2,3,4,6,9,11,12,13,13,15,18,22,26,31,33,36,38,42,45,49,53,56,58,59,61,62,62,63,64,65,68,70,75,78,81,83,85,87,91,92,93,97,98,100,101,104,106,108,109,109,112,112,113,115,116,118,120,122,125,125,128,131,131,133,135,136,137,139,141,143,143,143
spring-projects/spring-boot,0,3,6,6,8,10,14,16,19,21,24,27,29,30,33,37,39,40,44,45,47,49,51,56,56,58,61,62,63,65,66,68,69,71,74,78,81,84,87,88,91,93,97,101,103,107,109,111,113,116,119,121,125,126,127,130,134,134,134,137,139,140,143,147,150,154,158,162,168,171,171,171
sinatra/sinatra,1,2,2,3,3,6,6,7,7,7,8,9,9,9,9,9,9,9,9,9,10,11,11,11,11,11,11,11,12,12,12,12,13,14,15,15,16,16,18,19,19,19,19,21,21,21,22,23,23,23,23,23,26,27,28,29,29,29,29,29,29,29,29,31,32,32,32,33,33,33,33,33
HuwCampbell/grenade,0,0,0,0,0,0,1,1,1,1,1,1,1,1,1,2,2,2,2,2,2,2,2,2,2,2,2,2,2,2,2,2,2,2,3,3,3,3,3,3,3,3,3,4,4,4,5,5,5,5,5,5,5,5,5,5,5,6,6,6,6,6,6,6,6,6,6,7,8,8,8,8
twitter/twemproxy,0,0,0,0,0,0,0,0,0,0,0,0,0,0,0,0,0,0,0,0,0,0,0,0,0,0,0,0,0,0,0,0,0,0,0,0,0,1,1,1,1,1,2,2,2,2,2,2,2,2,2,2,2,2,3,3,3,3,3,3,3,3,3,3,3,3,3,3,3,3,3,3
diaspora/diaspora,0,0,0,0,0,0,0,2,2,2,3,4,5,5,6,6,6,6,6,6,6,6,6,6,6,6,6,6,6,6,7,7,7,7,7,8,9,9,10,10,11,11,13,13,14,15,15,15,15,15,16,17,19,20,20,20,21,21,22,22,22,22,22,22,23,23,23,23,23,23,25,25
SpiderLabs/owasp-modsecurity-crs,1,1,2,2,2,2,2,2,3,3,3,4,4,4,4,4,4,4,4,4,6,6,6,6,6,6,6,6,7,7,7,7,8,8,9,10,11,11,11,11,11,11,12,12,12,12,12,12,12,12,13,13,14,14,14,14,14,14,14,14,15,15,17,18,18,19,20,20,20,22,23,23
alibaba/dubbo,0,0,0,0,0,0,0,0,0,0,0,0,0,1,2,3,4,6,6,9,11,13,15,15,15,15,16,16,16,16,17,19,19,22,23,23,26,28,28,29,30,31,32,33,35,36,38,39,40,42,45,48,50,53,56,58,58,59,60,61,64,67,70,73,75,77,78,80,84,86,86,86
guzzle/guzzle,0,1,1,2,2,2,2,2,2,2,2,2,2,2,2,3,4,4,4,4,4,6,6,6,6,7,8,9,9,9,10,12,12,12,12,13,13,14,14,14,15,15,15,16,17,17,18,19,19,19,19,20,20,20,21,21,22,22,22,22,23,24,25,25,25,25,26,27,27,27,29,30
rapid7/metasploit-framework,2,6,8,10,11,14,18,19,23,25,26,29,33,36,40,41,42,44,47,51,54,56,57,61,63,66,68,68,71,74,77,79,81,84,85,88,91,94,97,101,105,106,108,109,112,114,116,120,124,127,127,133,136,137,140,140,144,147,150,151,154,160,162,164,167,168,170,172,175,182,187,187
julycoding/The-Art-Of-Programming-By-July,0,0,0,0,0,0,0,0,0,0,0,0,0,0,0,0,0,0,0,0,0,0,0,0,0,0,0,0,0,0,0,0,0,0,0,0,0,0,0,0,0,0,0,0,0,0,0,0,0,0,0,0,0,0,0,1,1,1,1,1,1,1,1,1,1,1,1,1,1,1,1,1
Mantle/Mantle,0,0,0,0,0,0,0,1,1,1,1,1,1,1,1,1,1,2,2,2,2,2,2,2,2,2,2,2,2,2,2,2,2,2,2,2,2,2,2,2,2,2,2,2,2,2,2,3,3,3,3,3,3,3,3,3,3,3,3,3,3,3,4,4,4,4,4,4,4,4,4,4
square/leakcanary,0,1,1,1,1,1,2,2,2,2,4,6,6,6,6,6,6,6,6,6,6,6,6,6,7,7,7,8,8,9,9,9,9,9,9,10,11,11,13,13,13,13,13,14,15,15,15,15,15,15,15,16,16,16,16,17,18,18,18,19,21,21,22,22,24,24,24,24,25,25,25,25
incanter/incanter,0,0,1,1,1,1,1,2,2,2,2,2,2,2,3,3,3,3,3,3,3,3,3,3,3,3,3,3,3,3,3,3,3,3,3,3,4,4,4,4,4,4,4,4,4,4,4,4,4,4,4,4,4,5,5,5,5,5,5,5,5,5,5,5,5,5,5,5,5,5,5,5
astaxie/beego,0,1,4,4,5,8,12,12,12,14,15,16,16,17,20,20,20,20,20,22,24,26,27,27,29,29,31,33,36,40,41,42,43,43,44,45,45,45,46,46,47,47,47,49,51,52,53,54,56,57,57,59,60,61,64,64,65,67,68,70,73,76,78,79,79,79,80,80,81,83,83,83
isocpp/CppCoreGuidelines,2,5,7,8,9,11,13,14,17,19,21,22,23,23,23,23,24,26,28,29,31,33,33,34,36,36,38,39,39,41,41,41,41,41,42,42,43,44,44,45,46,47,47,48,50,51,53,54,54,55,55,56,57,58,58,58,58,58,59,59,59,59,61,62,62,62,64,64,65,66,66,66
nodejs/node,4,10,13,17,22,27,33,38,43,46,52,58,63,69,73,77,84,86,92,97,104,109,112,118,123,129,134,139,144,150,152,154,158,163,169,174,178,181,185,192,197,202,206,211,218,224,230,236,243,248,252,258,261,267,271,278,284,290,296,302,308,314,319,323,328,333,338,345,350,355,355,355
esl/MongooseIM,0,1,1,2,2,3,3,4,4,5,6,7,8,8,8,8,10,10,10,10,10,10,10,10,11,12,13,14,14,14,14,14,15,16,17,18,19,20,20,20,21,21,21,21,22,22,22,23,23,23,25,25,25,26,27,28,29,30,31,33,34,35,36,36,38,41,41,41,42,43,45,45
Flipboard/FLEX,0,0,1,1,1,1,2,2,2,2,3,3,3,3,3,3,3,3,3,3,3,3,3,3,3,3,3,3,3,3,3,3,3,5,5,5,5,5,5,5,5,5,6,6,7,7,7,7,7,7,7,7,7,8,8,8,8,9,10,10,10,11,12,12,13,13,13,13,13,13,13,13
scikit-learn/scikit-learn,1,6,11,16,19,21,24,29,33,37,39,40,41,44,47,51,53,55,60,64,68,73,77,77,81,86,89,93,97,103,105,107,109,113,116,118,121,126,129,134,139,142,145,147,152,158,163,166,170,173,175,178,181,182,187,192,194,198,199,206,210,212,215,220,223,225,230,234,239,244,244,244
Valloric/YouCompleteMe,0,1,1,1,1,1,1,1,1,1,1,1,1,1,1,2,2,3,3,3,4,4,4,4,5,5,5,5,5,5,5,5,5,5,5,5,5,5,6,6,6,6,6,6,6,6,6,6,7,8,8,9,9,9,9,9,9,9,9,9,9,9,9,9,9,9,9,9,11,11,11,11
antirez/disque,0,0,0,0,0,0,0,0,0,0,0,0,0,0,0,0,0,0,0,0,0,0,0,0,0,0,0,0,0,0,0,0,0,0,0,0,0,0,0,0,0,0,0,0,0,0,0,0,0,0,0,0,0,0,0,0,0,0,0,0,0,0,0,0,0,0,0,0,0,0,0,0
twitter-archive/flockdb,0,0,0,0,0,0,0,0,0,0,0,0,0,0,0,0,0,0,0,0,0,0,0,0,0,0,0,0,0,0,0,0,0,0,0,0,0,0,0,0,0,0,0,0,0,0,0,0,0,0,0,0,0,0,0,0,0,0,0,0,0,0,0,0,0,0,0,0,0,0,0,0
ng-bootstrap/ng-bootstrap,1,2,2,2,2,3,4,4,5,5,5,6,7,9,11,11,12,12,13,13,14,15,16,16,17,17,18,19,20,20,20,21,21,22,22,22,22,22,22,22,24,24,26,27,27,28,28,30,30,31,31,31,31,33,33,33,33,34,35,35,37,38,39,40,40,42,42,44,45,45,45,45
fchollet/keras,2,6,11,16,20,22,25,28,31,36,38,42,45,48,52,57,58,60,62,65,68,73,76,80,84,88,91,93,97,100,101,105,108,112,116,120,121,124,128,132,135,140,144,149,150,152,153,155,158,163,167,171,174,178,181,185,187,188,189,192,193,195,197,200,203,207,209,211,211,215,215,215
stripe/jquery.payment,0,0,0,0,0,0,0,0,0,1,1,1,1,1,1,1,1,1,1,1,1,1,1,1,1,1,1,1,1,1,1,1,1,1,1,1,1,1,1,1,1,1,1,1,1,1,1,1,1,1,1,1,1,1,1,1,1,1,1,1,1,1,1,1,1,1,1,1,1,1,1,1
danielgtaylor/aglio,0,0,0,0,0,0,0,0,0,0,0,0,0,0,0,0,0,0,0,0,0,0,0,0,0,0,0,0,0,0,0,0,0,0,0,0,0,0,0,0,0,0,0,0,0,0,0,0,0,0,0,0,0,0,0,0,0,0,0,0,0,0,0,0,0,0,0,0,0,0,0,0
syncthing/syncthing,0,1,1,1,1,2,3,5,5,5,5,5,5,6,7,7,8,9,10,11,12,12,14,14,16,17,17,19,20,20,20,21,23,23,24,24,25,25,26,26,26,26,27,29,29,30,32,33,34,34,34,34,34,34,34,35,36,37,38,39,39,40,41,42,43,43,43,45,45,46,48,48
swoole/swoole-src,0,0,0,0,2,2,3,4,4,5,5,6,6,6,7,7,8,9,9,9,9,9,10,10,11,11,11,13,13,14,14,15,15,16,17,17,17,17,19,19,19,19,20,21,21,21,23,24,24,24,24,26,27,27,28,29,30,31,32,33,34,34,36,38,38,39,39,43,45,47,47,47
spree/spree,1,2,4,5,7,9,11,13,14,15,19,20,22,25,28,29,30,31,33,34,37,39,41,41,41,42,43,45,46,47,48,48,49,49,51,52,52,56,57,57,57,58,60,60,61,62,62,62,63,67,68,69,71,72,74,74,74,75,76,76,77,77,77,77,77,80,80,81,83,86,88,88
torvalds/linux,4,11,18,25,32,39,46,53,60,67,74,81,87,93,100,107,113,120,127,134,141,148,154,161,168,175,182,189,196,203,210,217,224,230,237,244,251,258,265,272,279,286,293,300,307,314,321,328,335,342,349,356,363,370,377,384,391,398,405,412,419,426,433,440,447,454,461,468,468,468,468,468
cockroachdb/cockroach,0,2,5,6,7,8,8,9,11,11,12,13,13,15,15,15,15,17,18,19,21,21,22,24,25,26,26,27,28,32,32,36,38,40,41,41,42,43,43,43,44,44,45,48,51,53,55,57,59,61,61,61,62,63,63,64,65,66,68,70,71,75,76,77,77,78,81,85,88,94,98,98
SnapKit/Masonry,0,0,1,1,2,2,2,2,2,2,3,3,3,3,3,4,4,6,6,6,6,6,6,6,6,6,6,6,6,6,6,6,6,6,6,6,6,6,6,6,6,6,6,6,6,6,6,6,6,6,6,6,6,6,6,6,6,6,6,6,6,6,6,6,6,6,6,6,6,6,6,6
nostra13/Android-Universal-Image-Loader,0,0,0,0,0,0,0,0,0,0,0,0,0,0,0,0,0,0,0,0,0,0,0,0,0,0,0,0,0,0,0,0,0,0,0,0,0,0,0,0,0,0,0,0,0,0,0,0,0,0,0,0,0,0,0,0,0,0,0,0,0,0,0,0,0,0,0,0,0,0,0,0
junegunn/fzf,1,2,2,3,3,3,4,4,6,6,6,6,7,9,9,10,10,12,12,13,16,17,17,18,19,19,19,19,19,19,19,19,20,20,20,20,20,21,21,21,22,22,22,24,25,26,26,26,27,27,28,28,30,31,31,31,32,33,33,34,34,34,35,35,35,35,35,35,35,38,38,38
ReactiveX/RxJava,1,4,5,6,8,11,13,16,16,17,18,18,18,19,20,20,21,22,23,25,25,25,26,27,29,32,32,33,33,34,34,35,35,35,35,37,37,38,38,38,40,40,42,45,46,48,49,50,53,54,55,55,57,58,60,61,62,62,62,64,64,69,70,70,73,74,76,76,78,78,78,78
leo-project/leofs,0,0,0,0,0,0,0,0,0,0,0,1,1,1,1,1,1,2,2,2,2,2,2,2,2,2,3,3,4,5,5,5,5,5,5,5,5,5,5,5,5,5,5,5,5,5,5,5,5,5,5,5,5,5,5,5,5,5,5,5,5,5,6,6,6,6,6,6,6,8,8,8
begriffs/postgrest,0,1,1,1,1,1,2,4,4,5,5,6,7,7,7,7,7,9,10,10,11,11,11,11,11,12,12,12,13,13,13,13,13,13,13,13,13,13,14,14,14,14,14,14,14,14,14,14,15,15,16,17,18,18,18,18,19,19,19,19,20,20,20,20,21,22,22,22,22,23,23,23
kraih/mojo,0,0,0,0,0,0,0,0,1,1,3,3,3,3,4,4,4,4,4,4,4,4,5,6,7,7,7,7,7,8,8,8,8,8,8,9,10,11,11,11,11,11,11,11,11,12,13,13,13,14,16,16,16,17,17,17,17,17,17,18,18,18,18,18,18,18,19,21,21,21,22,22
php/php-src,1,3,4,9,10,11,14,16,19,23,25,27,31,34,38,40,42,44,46,49,51,53,55,57,60,64,67,71,73,76,76,78,81,82,82,86,89,92,96,98,99,100,102,105,108,109,109,112,114,116,118,119,120,123,126,127,130,132,135,138,139,142,144,145,147,150,153,156,160,161,161,161
yiisoft/yii2,0,1,1,2,4,6,8,8,12,16,18,21,22,23,25,27,29,33,39,42,45,47,50,53,56,57,62,65,69,73,75,76,78,82,88,90,95,98,103,107,111,113,115,120,124,128,132,137,140,141,146,150,153,153,158,161,165,168,169,170,173,177,179,179,179,181,183,184,186,189,192,192
gitlabhq/gitlabhq,0,0,0,0,0,0,0,0,0,0,0,0,0,0,0,0,0,0,0,0,0,0,0,0,0,0,0,1,1,1,1,1,1,1,1,1,2,2,2,2,2,3,3,3,3,3,3,3,4,4,4,4,4,5,10,17,22,27,32,38,44,49,56,62,69,71,71,71,71,71,71,71
rs/SDWebImage,0,0,0,2,2,2,2,3,4,5,5,7,7,7,7,7,7,7,7,7,8,8,8,8,8,8,8,9,9,9,9,9,11,11,11,11,11,11,11,11,13,13,13,13,13,13,13,14,14,14,14,15,16,16,16,17,17,17,18,18,18,18,19,19,20,20,22,22,22,22,22,22
mozilla/shumway,0,0,0,0,0,0,0,0,0,0,0,0,0,0,0,0,0,0,0,0,0,0,0,0,0,0,0,0,0,0,0,0,0,0,0,0,0,0,0,0,0,0,0,0,0,0,0,0,0,0,0,0,0,0,0,0,0,0,0,0,0,0,0,0,0,0,0,0,0,0,0,0
drduh/macOS-Security-and-Privacy-Guide,0,0,0,0,0,0,0,0,0,0,0,0,0,1,1,1,1,2,2,3,3,3,4,4,4,4,4,5,5,5,5,5,5,5,5,5,5,5,6,6,6,6,6,6,7,8,8,8,8,9,9,9,9,10,10,11,11,11,11,12,12,12,12,12,12,13,13,13,13,14,14,14
marcuswestin/WebViewJavascriptBridge,0,0,0,0,0,0,0,0,0,0,0,0,0,0,0,0,0,0,0,0,0,0,0,1,1,1,1,1,1,1,1,1,1,1,1,1,1,1,1,1,1,1,1,1,1,1,1,1,1,1,1,1,1,1,1,1,1,1,1,1,1,1,1,1,1,1,1,1,1,1,1,1
Day8/re-frame,1,1,1,1,1,2,4,6,6,7,8,9,10,11,14,14,14,17,18,20,20,20,20,21,21,22,22,27,27,28,28,28,28,28,28,28,31,33,33,33,33,35,35,35,35,35,35,35,35,36,36,36,39,39,39,39,40,40,40,40,40,40,40,42,43,45,46,47,47,47,47,47
jashkenas/coffeescript,0,2,2,2,3,4,4,5,5,6,6,7,8,8,8,8,9,11,12,13,13,13,13,13,13,13,13,13,13,13,14,14,14,14,14,14,14,14,15,15,15,16,16,16,16,17,17,17,18,18,19,19,19,19,20,20,20,20,20,20,20,20,20,20,20,20,20,21,22,22,22,22
bumptech/glide,0,1,2,3,3,3,4,5,5,7,8,9,9,9,11,12,14,14,18,18,19,20,21,23,24,25,25,26,28,28,28,28,28,28,28,28,30,31,31,33,34,34,34,35,36,37,37,37,37,38,38,38,38,38,38,41,42,43,43,44,46,46,46,46,46,46,46,47,49,49,49,49
onevcat/VVDocumenter-Xcode,0,0,0,0,0,0,0,0,0,0,0,0,0,0,0,0,0,0,0,0,0,0,0,0,0,0,0,0,0,0,0,0,0,0,0,0,0,0,0,0,0,0,0,0,0,0,0,0,0,0,0,0,0,0,0,0,0,0,0,0,0,0,0,0,0,0,0,0,0,0,0,0
PhilJay/MPAndroidChart,0,0,0,0,1,1,1,1,1,1,1,1,1,1,2,2,3,3,3,3,3,3,3,3,3,3,3,3,3,3,3,3,3,3,3,3,3,3,3,4,4,4,4,5,5,5,6,7,8,11,11,11,11,11,11,11,11,11,11,11,11,11,11,11,12,12,12,12,12,12,12,12
mrdoob/three.js,1,2,3,5,8,10,13,18,18,23,28,30,35,39,40,43,49,54,58,60,63,66,69,69,72,72,73,77,80,84,87,88,93,95,98,104,109,113,117,120,123,126,130,134,138,141,143,145,150,152,154,157,159,162,166,170,176,177,178,182,187,192,196,197,201,205,210,216,219,224,224,224
